<?xml version="1.0" encoding="UTF-8"?>
<!-- 
 ██████╗████████╗ █████╗     ███████╗              ██████╗ ███████╗██████╗ ██╗   ██╗██╗  ██╗
██╔════╝╚══██╔══╝██╔══██╗    ██╔════╝              ██╔══██╗██╔════╝██╔══██╗██║   ██║╚██╗██╔╝
██║  ███╗  ██║   ███████║    ███████╗    █████╗    ██████╔╝█████╗  ██║  ██║██║   ██║ ╚███╔╝ 
██║   ██║  ██║   ██╔══██║    ╚════██║    ╚════╝    ██╔══██╗██╔══╝  ██║  ██║██║   ██║ ██╔██╗ 
╚██████╔╝  ██║   ██║  ██║    ███████║              ██║  ██║███████╗██████╔╝╚██████╔╝██╔╝ ██╗
 ╚═════╝   ╚═╝   ╚═╝  ╚═╝    ╚══════╝              ╚═╝  ╚═╝╚══════╝╚═════╝  ╚═════╝ ╚═╝  ╚═╝
╔╗ ┬ ┬   ╦┌─┐┌─┐┬ ┬  ╦═╗┌─┐┌┬┐┬┌┬┐┌─┐
╠╩╗└┬┘   ║│ │└─┐├─┤  ╠╦╝│ │││││ │ │ │
╚═╝ ┴   ╚╝└─┘└─┘┴ ┴  ╩╚═└─┘┴ ┴┴ ┴ └─┘
DO NOT RE-UPLOAD,MODIFY, EDIT, 
OR USE THESE FILES IN YOUR OWN MODS WITHOUT MY PERMISSION. 
THIS PROJECT IS EXCLUSIVE TO GTA5REDUX.COM                                                                                           
																						   -->
<MainWaterTune>
  <WaterColor value="0x1A37B5CC" />
  <RippleScale value="0.041000" />
  <OceanFoamScale value="0.020000" />
  <SpecularFalloff value="1118.000000" />
  <FogPierceIntensity value="1.100000" />
  <RefractionBlend value="0.950000" />
  <RefractionExponent value="0.990000" />
  <WaterCycleDepth value="12.000000" />
  <WaterCycleFade value="1000.000000" />
  <WaterLightningDepth value="10.000000" />
  <WaterLightningFade value="10.000000" />
  <DeepWaterModDepth value="90.000000" />
  <DeepWaterModFade value="1000.000000" />
  <GodRaysLerpStart value="0.000000" />
  <GodRaysLerpEnd value="200.000000" />
  <DisturbFoamScale value="0.010000" />
  <FogMin x="-4000.000000" y="-4000.000000" />
  <FogMax x="4500.000000" y="8000.000000" />
</MainWaterTune>