<?xml version="1.0" encoding="UTF-8"?>
<!-- 
 ██████╗████████╗ █████╗     ███████╗              ██████╗ ███████╗██████╗ ██╗   ██╗██╗  ██╗
██╔════╝╚══██╔══╝██╔══██╗    ██╔════╝              ██╔══██╗██╔════╝██╔══██╗██║   ██║╚██╗██╔╝
██║  ███╗  ██║   ███████║    ███████╗    █████╗    ██████╔╝█████╗  ██║  ██║██║   ██║ ╚███╔╝ 
██║   ██║  ██║   ██╔══██║    ╚════██║    ╚════╝    ██╔══██╗██╔══╝  ██║  ██║██║   ██║ ██╔██╗ 
╚██████╔╝  ██║   ██║  ██║    ███████║              ██║  ██║███████╗██████╔╝╚██████╔╝██╔╝ ██╗
 ╚═════╝   ╚═╝   ╚═╝  ╚═╝    ╚══════╝              ╚═╝  ╚═╝╚══════╝╚═════╝  ╚═════╝ ╚═╝  ╚═╝
╔╗ ┬ ┬   ╦┌─┐┌─┐┬ ┬  ╦═╗┌─┐┌┬┐┬┌┬┐┌─┐
╠╩╗└┬┘   ║│ │└─┐├─┤  ╠╦╝│ │││││ │ │ │
╚═╝ ┴   ╚╝└─┘└─┘┴ ┴  ╩╚═└─┘┴ ┴┴ ┴ └─┘
DO NOT RE-UPLOAD,MODIFY, EDIT, 
OR USE THESE FILES IN YOUR OWN MODS WITHOUT MY PERMISSION. 
THIS PROJECT IS EXCLUSIVE TO GTA5REDUX.COM                                                                                           
																						   -->
<CContentsOfWeatherXmlFile>
  <VersionNumber value="1.000000"/>
  <WeatherGpuFx>
	<Item>
	  <Name>RAINSTORM_DROP</Name>
	  <SystemType>SYSTEM_TYPE_DROP</SystemType>
	  <diffuseName>rain</diffuseName>
	  <distortionTexture>distortion_rain_n</distortionTexture>
	  <diffuseSplashName>rain_anim</diffuseSplashName>
	  <driveType>DRIVE_TYPE_RAIN</driveType>
	  <windInfluence value="0.8"/>
	  <gravity value="-15.000000"/>
	  <emitterSettingsName>common:/data/levels/gta5/weather/rainstorm_emitter_drop</emitterSettingsName>
	  <renderSettingsName>common:/data/levels/gta5/weather/rainstorm_render_drop</renderSettingsName>
	</Item>
	<Item>
	  <Name>RAINSTORM_MIST</Name>
	  <SystemType>SYSTEM_TYPE_MIST</SystemType>
	  <diffuseName>mist</diffuseName>
	  <diffuseSplashName>mist</diffuseSplashName>
	  <driveType>DRIVE_TYPE_RAIN</driveType>
	  <windInfluence value="0.000000"/>
	  <gravity value="0.000000"/>
	  <emitterSettingsName>common:/data/levels/gta5/weather/rainstorm_emitter_mist</emitterSettingsName>
	  <renderSettingsName>common:/data/levels/gta5/weather/rainstorm_render_mist</renderSettingsName>
	</Item>
	<Item>
	  <Name>RAINSTORM_GROUND</Name>
	  <SystemType>SYSTEM_TYPE_GROUND</SystemType>
	  <diffuseName>rain_anim</diffuseName>
	  <diffuseSplashName>rain_anim</diffuseSplashName>
	  <distortionTexture>rain_anim_distortion</distortionTexture>
	  <driveType>DRIVE_TYPE_RAIN</driveType>
	  <windInfluence value="0.0000"/>
	  <gravity value="0.000000"/>
	  <emitterSettingsName>common:/data/levels/gta5/weather/rainstorm_emitter_ground</emitterSettingsName>
	  <renderSettingsName>common:/data/levels/gta5/weather/rainstorm_render_ground</renderSettingsName>
	</Item>
	<Item>
	  <Name>THUNDER_DROP</Name>
	  <SystemType>SYSTEM_TYPE_DROP</SystemType>
	  <diffuseName>rain</diffuseName>
	  <distortionTexture>distortion_rain_n</distortionTexture>
	  <diffuseSplashName>rain_anim</diffuseSplashName>
	  <driveType>DRIVE_TYPE_RAIN</driveType>
	  <windInfluence value="0.9"/>
	  <gravity value="-10.000000"/>
	  <emitterSettingsName>common:/data/levels/gta5/weather/thunder_emitter_drop</emitterSettingsName>
	  <renderSettingsName>common:/data/levels/gta5/weather/thunder_render_drop</renderSettingsName>
	</Item>
	<Item>
	  <Name>THUNDER_MIST</Name>
	  <SystemType>SYSTEM_TYPE_MIST</SystemType>
	  <diffuseName>mist</diffuseName>
	  <diffuseSplashName>mist</diffuseSplashName>
	  <driveType>DRIVE_TYPE_RAIN</driveType>
	  <windInfluence value="0.010000"/>
	  <gravity value="-1.000000"/>
	  <emitterSettingsName>common:/data/levels/gta5/weather/thunder_emitter_mist</emitterSettingsName>
	  <renderSettingsName>common:/data/levels/gta5/weather/thunder_render_mist</renderSettingsName>
	</Item>
	<Item>
	  <Name>THUNDER_GROUND</Name>
	  <SystemType>SYSTEM_TYPE_GROUND</SystemType>
	  <diffuseName>rain_anim</diffuseName>
	  <diffuseSplashName>rain_anim</diffuseSplashName>
	  <distortionTexture>rain_anim_distortion</distortionTexture>
	  <driveType>DRIVE_TYPE_RAIN</driveType>
	  <windInfluence value="0.00000"/>
	  <gravity value="0.000000"/>
	  <emitterSettingsName>common:/data/levels/gta5/weather/thunder_emitter_ground</emitterSettingsName>
	  <renderSettingsName>common:/data/levels/gta5/weather/thunder_render_ground</renderSettingsName>
	</Item>
	<Item>
	  <Name>VFX_SNOW_LIGHT_DROP</Name>
	  <SystemType>SYSTEM_TYPE_DROP</SystemType>
	  <diffuseName>snow</diffuseName>
	  <diffuseSplashName>mist</diffuseSplashName>
	  <driveType>DRIVE_TYPE_SNOW</driveType>
	  <windInfluence value="1.000000"/>
	  <gravity value="-0.5"/>
	  <emitterSettingsName>common:/data/levels/gta5/weather/snowlight_emitter_drop</emitterSettingsName>
	  <renderSettingsName>common:/data/levels/gta5/weather/snowlight_render_drop</renderSettingsName>
	</Item>
	<Item>
	  <Name>VFX_SNOW_HEAVY_DROP</Name>
	  <SystemType>SYSTEM_TYPE_DROP</SystemType>
	  <diffuseName>snow</diffuseName>
	  <diffuseSplashName>mist</diffuseSplashName>
	  <driveType>DRIVE_TYPE_SNOW</driveType>
	  <windInfluence value="1.000000"/>
	  <gravity value="-1.000000"/>
	  <emitterSettingsName>common:/data/levels/gta5/weather/snowheavy_emitter_drop</emitterSettingsName>
	  <renderSettingsName>common:/data/levels/gta5/weather/snowheavy_render_drop</renderSettingsName>
	</Item>
	<Item>
	  <Name>VFX_SNOW_HEAVY_MIST</Name>
	  <SystemType>SYSTEM_TYPE_MIST</SystemType>
	  <diffuseName>mist</diffuseName>
	  <diffuseSplashName>mist</diffuseSplashName>
	  <driveType>DRIVE_TYPE_SNOW</driveType>
	  <windInfluence value="0.000001"/>
	  <gravity value="0.000001"/>
	  <emitterSettingsName>common:/data/levels/gta5/weather/snowheavy_emitter_mist</emitterSettingsName>
	  <renderSettingsName>common:/data/levels/gta5/weather/snowheavy_render_mist</renderSettingsName>
	</Item>
	<Item>
	  <Name>VFX_SNOW_HEAVY_GROUND</Name>
	  <SystemType>SYSTEM_TYPE_GROUND</SystemType>
	  <diffuseName>mist</diffuseName>
	  <diffuseSplashName>mist</diffuseSplashName>
	  <driveType>DRIVE_TYPE_SNOW</driveType>
	  <windInfluence value="1.000000"/>
	  <gravity value="-1.000000"/>
	  <emitterSettingsName>common:/data/levels/gta5/weather/snowheavy_emitter_ground</emitterSettingsName>
	  <renderSettingsName>common:/data/levels/gta5/weather/snowheavy_render_ground</renderSettingsName>
	</Item>
		<Item>
	  <Name>BLIZZARD_DROP</Name>
	  <SystemType>SYSTEM_TYPE_DROP</SystemType>
	  <diffuseName>snow</diffuseName>
	  <diffuseSplashName>mist</diffuseSplashName>
	  <driveType>DRIVE_TYPE_SNOW</driveType>
	  <windInfluence value="1.000000"/>
	  <gravity value="-1.000000"/>
	  <emitterSettingsName>common:/data/levels/gta5/weather/blizzard_emitter_drop</emitterSettingsName>
	  <renderSettingsName>common:/data/levels/gta5/weather/blizzard_render_drop</renderSettingsName>
	</Item>
	<Item>
	  <Name>BLIZZARD_MIST</Name>
	  <SystemType>SYSTEM_TYPE_MIST</SystemType>
	  <diffuseName>mist</diffuseName>
	  <diffuseSplashName>mist</diffuseSplashName>
	  <driveType>DRIVE_TYPE_SNOW</driveType>
	  <windInfluence value="0.000001"/>
	  <gravity value="0.000000"/>
	  <emitterSettingsName>common:/data/levels/gta5/weather/blizzard_emitter_mist</emitterSettingsName>
	  <renderSettingsName>common:/data/levels/gta5/weather/blizzard_render_mist</renderSettingsName>
	</Item>
	<Item>
	  <Name>BLIZZARD_GROUND</Name>
	  <SystemType>SYSTEM_TYPE_GROUND</SystemType>
	  <diffuseName>mist</diffuseName>
	  <diffuseSplashName>mist</diffuseSplashName>
	  <driveType>DRIVE_TYPE_SNOW</driveType>
	  <windInfluence value="1.000000"/>
	  <gravity value="-1.000000"/>
	  <emitterSettingsName>common:/data/levels/gta5/weather/blizzard_emitter_ground</emitterSettingsName>
	  <renderSettingsName>common:/data/levels/gta5/weather/blizzard_render_ground</renderSettingsName>
	</Item>
	<Item>
	  <Name>UNDERWATER_DROP</Name>
	  <SystemType>SYSTEM_TYPE_DROP</SystemType>
	  <diffuseName>plankton</diffuseName>
	  <diffuseSplashName>plankton</diffuseSplashName>
	  <driveType>DRIVE_TYPE_UNDERWATER</driveType>
	  <windInfluence value="0.015100"/>
	  <gravity value="0.000016"/>
	  <emitterSettingsName>common:/data/levels/gta5/weather/underwater_emitter_drop</emitterSettingsName>
	  <renderSettingsName>common:/data/levels/gta5/weather/underwater_render_drop</renderSettingsName>
	</Item>
	<Item>
	  <Name>UNDERWATER_MIST</Name>
	  <SystemType>SYSTEM_TYPE_MIST</SystemType>
	  <diffuseName>mist</diffuseName>
	  <diffuseSplashName>mist</diffuseSplashName>
	  <driveType>DRIVE_TYPE_UNDERWATER</driveType>
	  <windInfluence value="0.000000"/>
	  <gravity value="0.010000"/>
	  <emitterSettingsName>common:/data/levels/gta5/weather/underwater_emitter_mist</emitterSettingsName>
	  <renderSettingsName>common:/data/levels/gta5/weather/underwater_render_mist</renderSettingsName>
	</Item>
  <Item>
    <Name>COUNTRYSIDE_GROUND</Name>
    <SystemType>SYSTEM_TYPE_GROUND</SystemType>
    <diffuseName>mist</diffuseName>
    <diffuseSplashName>mist</diffuseSplashName>
    <driveType>DRIVE_TYPE_REGION</driveType>
    <windInfluence value="0.0500000"/>
    <gravity value="-0.3000000"/>
    <emitterSettingsName>common:/data/levels/gta5/weather/countryside_emitter_ground</emitterSettingsName>
    <renderSettingsName>common:/data/levels/gta5/weather/countryside_render_ground</renderSettingsName>
  </Item>
  <Item>
    <Name>DESERT_GROUND</Name>
    <SystemType>SYSTEM_TYPE_GROUND</SystemType>
    <diffuseName>mist</diffuseName>
    <diffuseSplashName>mist</diffuseSplashName>
    <driveType>DRIVE_TYPE_REGION</driveType>
    <windInfluence value="0.02500000"/>
    <gravity value="-0.1000000"/>
    <emitterSettingsName>common:/data/levels/gta5/weather/desert_emitter_ground</emitterSettingsName>
    <renderSettingsName>common:/data/levels/gta5/weather/desert_render_ground</renderSettingsName>
  </Item>
  <Item>
    <Name>DESERT_GROUND_HEAVY</Name>
    <SystemType>SYSTEM_TYPE_GROUND</SystemType>
    <diffuseName>mist</diffuseName>
    <diffuseSplashName>mist</diffuseSplashName>
    <driveType>DRIVE_TYPE_REGION</driveType>
    <windInfluence value="0.025000000"/>
    <gravity value="-0.1000000"/>
    <emitterSettingsName>common:/data/levels/gta5/weather/desert_emitter_ground_heavy</emitterSettingsName>
    <renderSettingsName>common:/data/levels/gta5/weather/desert_render_ground_heavy</renderSettingsName>
  </Item>
  <Item>
    <Name>LAKE_FOG_GROUND</Name>
    <SystemType>SYSTEM_TYPE_GROUND</SystemType>
    <diffuseName>mist</diffuseName>
    <diffuseSplashName>mist</diffuseSplashName>
    <driveType>DRIVE_TYPE_REGION</driveType>
    <windInfluence value="0.000001"/>
    <gravity value="-1.0000000"/>
    <emitterSettingsName>common:/data/levels/gta5/weather/lake_fog_emitter_ground</emitterSettingsName>
    <renderSettingsName>common:/data/levels/gta5/weather/lake_fog_render_ground</renderSettingsName>
  </Item>
  <Item>
    <Name>LAKE_FOG_DROP</Name>
    <SystemType>SYSTEM_TYPE_DROP</SystemType>
    <diffuseName>mist</diffuseName>
    <diffuseSplashName>mist</diffuseSplashName>
    <driveType>DRIVE_TYPE_REGION</driveType>
    <windInfluence value="0.0400000"/>
    <gravity value="1.0000000"/>
    <emitterSettingsName>common:/data/levels/gta5/weather/lake_fog_emitter_drop</emitterSettingsName>
    <renderSettingsName>common:/data/levels/gta5/weather/lake_fog_render_drop</renderSettingsName>
  </Item>
  <Item>
    <Name>WOODLAND_POLLEN_DROP</Name>
    <SystemType>SYSTEM_TYPE_DROP</SystemType>
    <diffuseName>plankton</diffuseName>
    <diffuseSplashName>plankton</diffuseSplashName>
    <driveType>DRIVE_TYPE_REGION</driveType>
    <windInfluence value="0.090000"/>
    <gravity value="0.02000000"/>
    <emitterSettingsName>common:/data/levels/gta5/weather/pollen_emitter_drop</emitterSettingsName>
    <renderSettingsName>common:/data/levels/gta5/weather/pollen_render_drop</renderSettingsName>
  </Item>
  <Item>
    <Name>WOODLAND_FIREFLY_DROP</Name>
    <SystemType>SYSTEM_TYPE_DROP</SystemType>
    <diffuseName>fire_fly_anim</diffuseName>
    <diffuseSplashName>fire_fly_anim</diffuseSplashName>
    <driveType>DRIVE_TYPE_REGION</driveType>
    <windInfluence value="0.050000"/>
    <gravity value="0.04000000"/>
    <emitterSettingsName>common:/data/levels/gta5/weather/firefly_emitter_drop</emitterSettingsName>
    <renderSettingsName>common:/data/levels/gta5/weather/firefly_render_drop</renderSettingsName>
  </Item>
  <Item>
    <Name>WOODLAND_MIST_GROUND</Name>
    <SystemType>SYSTEM_TYPE_GROUND</SystemType>
    <diffuseName>mist</diffuseName>
    <diffuseSplashName>mist</diffuseSplashName>
    <driveType>DRIVE_TYPE_REGION</driveType>
    <windInfluence value="0.070000"/>
    <gravity value="-0.00000000"/>
    <emitterSettingsName>common:/data/levels/gta5/weather/woodland_mist_emitter_ground</emitterSettingsName>
    <renderSettingsName>common:/data/levels/gta5/weather/woodland_mist_render_ground</renderSettingsName>
  </Item>
    <Item>
    <Name>WETLAND_FLIES_DROP</Name>
    <SystemType>SYSTEM_TYPE_DROP</SystemType>
    <diffuseName>fire_fly_anim</diffuseName>
    <diffuseSplashName>fire_fly_anim</diffuseSplashName>
    <driveType>DRIVE_TYPE_REGION</driveType>
    <windInfluence value="0.040000"/>
    <gravity value="0.03000000"/>
    <emitterSettingsName>common:/data/levels/gta5/weather/fly_emitter_drop</emitterSettingsName>
    <renderSettingsName>common:/data/levels/gta5/weather/fly_render_drop</renderSettingsName>
  </Item>
  </WeatherGpuFx>
  <WeatherTypes>
	<Item>
	  <Name>EXTRASUNNY</Name>
	  <Sun value="0.5"/>
	  <Cloud value="0.200000"/>
	  <WindMin value="0.30"/>
	  <WindMax value="0.7"/>
	  <Rain value="0.000000"/>
	  <Snow value="0.000000"/>
      <SnowMist value="0.000000"/>
	  <Fog value="1.000000"/>
    <RippleBumpiness value="0.700000" />
    <RippleMinBumpiness value="0.200000" />
    <RippleMaxBumpiness value="0.800000" />
    <RippleBumpinessWindScale value="0.900000" />
    <RippleScale value="0.040000" />
    <RippleSpeed value="19.000000" />
    <RippleVelocityTransfer value="0.450000" />
    <OceanBumpiness value="0.940000" />
    <DeepOceanScale value="2.72000" />
    <OceanNoiseMinAmplitude value="20.10000" />
    <OceanWaveAmplitude value="5.590000" />
    <ShoreWaveAmplitude value="1.820000" />
    <OceanWaveWindScale value="1.700000" />
    <ShoreWaveWindScale value="1.700000" />
    <OceanWaveMinAmplitude value="4.000000" />
    <ShoreWaveMinAmplitude value="0.200000" />
    <OceanWaveMaxAmplitude value="20.00000" />
    <ShoreWaveMaxAmplitude value="1.5000000" />
    <OceanFoamIntensity value="0.100000" />
    <OceanFoamScale value="0.025000" />
    <RippleDisturb value="0.040000" />
    <Lightning value="false"/>
	  <Sandstorm value="true"/>
	  <OldSettingName>-</OldSettingName>
	  <DropSettingName>UNDERWATER_DROP</DropSettingName>
	  <MistSettingName>RAINSTORM_MIST</MistSettingName>
	  <GroundSettingName>DESERT_GROUND_HEAVY</GroundSettingName>
    <TimeCycleFilename>COMMON:/DATA/TIMECYCLE/W_EXTRASUNNY.XML</TimeCycleFilename>
	  <CloudSettingsName>LIGHTclouds</CloudSettingsName>
	</Item>
	<Item>
	  <Name>CLEAR</Name>
	  <Sun value="1.0"/>
	  <Cloud value="1.000000"/>
	  <WindMin value="0.3"/>
	  <WindMax value="0.9"/>
	  <Rain value="0.000000"/>
	  <Snow value="0.000000"/>
      <SnowMist value="0.000000"/>
	  <Fog value="1.000000"/>
    <RippleBumpiness value="0.320000" />
    <RippleMinBumpiness value="0.250000" />
    <RippleMaxBumpiness value="0.500000" />
    <RippleBumpinessWindScale value="0.500000" />
    <RippleScale value="0.040000" />
    <RippleSpeed value="20.000000" />
    <RippleVelocityTransfer value="0.450000" />
    <OceanBumpiness value="0.250000" />
    <DeepOceanScale value="2.72000" />
    <OceanNoiseMinAmplitude value="17.10000" />
    <OceanWaveAmplitude value="3.560000" />
    <ShoreWaveAmplitude value="1.800000" />
    <OceanWaveWindScale value="0.700000" />
    <ShoreWaveWindScale value="0.700000" />
    <OceanWaveMinAmplitude value="3.000000" />
    <ShoreWaveMinAmplitude value="0.200000" />
    <OceanWaveMaxAmplitude value="18.00000" />
    <ShoreWaveMaxAmplitude value="1.5000000" />
    <OceanFoamIntensity value="0.140000" />
    <OceanFoamScale value="0.050000" />
    <RippleDisturb value="0.050000" />
    <Lightning value="false"/>
	  <Sandstorm value="true"/>
	  <OldSettingName>-</OldSettingName>
	  <DropSettingName>UNDERWATER_DROP</DropSettingName>
	  <MistSettingName>RAINSTORM_MIST</MistSettingName>
	  <GroundSettingName>DESERT_GROUND_HEAVY</GroundSettingName>
	  <TimeCycleFilename>COMMON:/DATA/TIMECYCLE/W_CLEAR.XML</TimeCycleFilename>
	  <CloudSettingsName>NOclouds</CloudSettingsName>
	</Item>
	<Item>
	  <Name>CLOUDS</Name>
	  <Sun value="0.9"/>
	  <Cloud value="1.0000"/>
	  <WindMin value="0.2"/>
	  <WindMax value="0.6"/>
	  <Rain value="0.000000"/>
	  <Snow value="0.000000"/>
      <SnowMist value="0.000000"/>
	  <Fog value="0.666000"/>
    <RippleBumpiness value="0.420000" />
    <RippleMinBumpiness value="0.250000" />
    <RippleMaxBumpiness value="0.500000" />
    <RippleBumpinessWindScale value="0.500000" />
    <RippleScale value="0.040000" />
    <RippleSpeed value="19.000000" />
    <RippleVelocityTransfer value="0.450000" />
    <OceanBumpiness value="0.250000" />
    <DeepOceanScale value="2.72000" />
    <OceanNoiseMinAmplitude value="17.10000" />
    <OceanWaveAmplitude value="3.560000" />
    <ShoreWaveAmplitude value="1.800000" />
    <OceanWaveWindScale value="0.700000" />
    <ShoreWaveWindScale value="0.700000" />
    <OceanWaveMinAmplitude value="3.000000" />
    <ShoreWaveMinAmplitude value="0.200000" />
    <OceanWaveMaxAmplitude value="18.00000" />
    <ShoreWaveMaxAmplitude value="1.5000000" />
    <OceanFoamIntensity value="0.140000" />
    <OceanFoamScale value="0.050000" />
    <RippleDisturb value="0.050000" />
    <Lightning value="false"/>
	  <Sandstorm value="true"/>
	  <OldSettingName>-</OldSettingName>
	  <DropSettingName>LAKE_FOG_DROP</DropSettingName>
	  <MistSettingName>RAINSTORM_MIST</MistSettingName>
      <GroundSettingName>DESERT_GROUND_HEAVY</GroundSettingName>
	<TimeCycleFilename>COMMON:/DATA/TIMECYCLE/W_CLOUDS.XML</TimeCycleFilename>
	  <CloudSettingsName>MEDIUMclouds</CloudSettingsName>
	</Item>
	<Item>
	  <Name>SMOG</Name>
	  <Sun value="0.4"/>
	  <Cloud value="0.300000"/>
	  <WindMin value="0.3"/>
	  <WindMax value="0.7"/>
	  <Rain value="0.000000"/>
	  <Snow value="0.000000"/>
      <SnowMist value="0.000000"/>
	  <Fog value="1.000000"/>
    <RippleBumpiness value="0.320000" />
    <RippleMinBumpiness value="0.150000" />
    <RippleMaxBumpiness value="0.300000" />
    <RippleBumpinessWindScale value="0.500000" />
    <RippleScale value="0.040000" />
    <RippleSpeed value="19.000000" />
    <RippleVelocityTransfer value="0.450000" />
    <OceanBumpiness value="0.250000" />
    <DeepOceanScale value="2.72000" />
    <OceanNoiseMinAmplitude value="17.10000" />
    <OceanWaveAmplitude value="3.560000" />
    <ShoreWaveAmplitude value="1.800000" />
    <OceanWaveWindScale value="0.700000" />
    <ShoreWaveWindScale value="0.700000" />
    <OceanWaveMinAmplitude value="3.000000" />
    <ShoreWaveMinAmplitude value="0.200000" />
    <OceanWaveMaxAmplitude value="18.00000" />
    <ShoreWaveMaxAmplitude value="1.5000000" />
    <OceanFoamIntensity value="0.140000" />
    <OceanFoamScale value="0.050000" />
    <RippleDisturb value="0.050000" />
    <Lightning value="false"/>
	  <Sandstorm value="true"/>
	  <OldSettingName>-</OldSettingName>
	   <DropSettingName>UNDERWATER_DROP</DropSettingName>
	  <MistSettingName>RAINSTORM_MIST</MistSettingName>
	  <GroundSettingName>DESERT_GROUND_HEAVY</GroundSettingName>
	<TimeCycleFilename>COMMON:/DATA/TIMECYCLE/W_SMOG.XML</TimeCycleFilename>
    <CloudSettingsName>MEDIUMclouds</CloudSettingsName>
  </Item>
  <Item>
    <Name>FOGGY</Name>
    <Sun value="0.4"/>
    <Cloud value="1.000000"/>
    <WindMin value="0.1"/>
    <WindMax value="0.3"/>
    <Rain value="0.000000"/>
	<Snow value="0.000000"/>
    <SnowMist value="0.000000"/>
    <Fog value="1.000000"/>
    <RippleBumpiness value="0.320000" />
    <RippleMinBumpiness value="0.150000" />
    <RippleMaxBumpiness value="0.300000" />
    <RippleBumpinessWindScale value="0.500000" />
    <RippleScale value="0.040000" />
    <RippleSpeed value="20.000000" />
    <RippleVelocityTransfer value="0.450000" />
    <OceanBumpiness value="0.250000" />
    <DeepOceanScale value="2.72000" />
    <OceanNoiseMinAmplitude value="17.10000" />
    <OceanWaveAmplitude value="3.560000" />
    <ShoreWaveAmplitude value="1.800000" />
    <OceanWaveWindScale value="0.700000" />
    <ShoreWaveWindScale value="0.700000" />
    <OceanWaveMinAmplitude value="3.000000" />
    <ShoreWaveMinAmplitude value="0.200000" />
    <OceanWaveMaxAmplitude value="18.00000" />
    <ShoreWaveMaxAmplitude value="1.5000000" />
    <OceanFoamIntensity value="0.140000" />
    <OceanFoamScale value="0.050000" />
    <RippleDisturb value="0.050000" />
    <Lightning value="false"/>
    <Sandstorm value="true"/>
    <OldSettingName>-</OldSettingName>
    <DropSettingName>LAKE_FOG_DROP</DropSettingName>
    <MistSettingName>RAINSTORM_MIST</MistSettingName>
    <GroundSettingName>DESERT_GROUND</GroundSettingName>
	<TimeCycleFilename>COMMON:/DATA/TIMECYCLE/W_FOGGY.XML</TimeCycleFilename>
    <CloudSettingsName>FOGGYclouds</CloudSettingsName>
  </Item>
  <Item>
    <Name>OVERCAST</Name>
    <Sun value="0.2"/>
    <Cloud value="0.700000"/>
    <WindMin value="0.3"/>
    <WindMax value="0.7"/>
    <Rain value="0.000000"/>
	<Snow value="0.000000"/>
    <SnowMist value="0.000000"/>
    <Fog value="1.666077"/>
    <RippleBumpiness value="0.320000" />
    <RippleMinBumpiness value="0.150000" />
    <RippleMaxBumpiness value="0.500000" />
    <RippleBumpinessWindScale value="0.400000" />
    <RippleScale value="0.040000" />
    <RippleSpeed value="20.000000" />
    <RippleVelocityTransfer value="0.450000" />
    <OceanBumpiness value="0.250000" />
    <DeepOceanScale value="3.62000" />
    <OceanNoiseMinAmplitude value="17.10000" />
    <OceanWaveAmplitude value="3.560000" />
    <ShoreWaveAmplitude value="1.800000" />
    <OceanWaveWindScale value="0.700000" />
    <ShoreWaveWindScale value="0.700000" />
    <OceanWaveMinAmplitude value="3.000000" />
    <ShoreWaveMinAmplitude value="0.200000" />
    <OceanWaveMaxAmplitude value="18.00000" />
    <ShoreWaveMaxAmplitude value="1.5000000" />
    <OceanFoamIntensity value="0.140000" />
    <OceanFoamScale value="0.050000" />
    <RippleDisturb value="0.040000" />
    <Lightning value="false"/>
    <Sandstorm value="true"/>
    <OldSettingName>-</OldSettingName>
    <DropSettingName>UNDERWATER_DROP</DropSettingName>
	  <MistSettingName>RAINSTORM_MIST</MistSettingName>
	  <GroundSettingName>DESERT_GROUND_HEAVY</GroundSettingName>
	<TimeCycleFilename>COMMON:/DATA/TIMECYCLE/W_OVERCAST.XML</TimeCycleFilename>
    <CloudSettingsName>MEDIUMclouds</CloudSettingsName>
  </Item>
  <Item>
    <Name>RAIN</Name>
    <Sun value="1.00"/>
    <Cloud value="1.000000"/>
    <WindMin value="0.2"/>
    <WindMax value="0.7"/>
    <Rain value="1.000000"/>
	<Snow value="0.000000"/>
    <SnowMist value="0.000000"/>
    <Fog value="1.667666"/>
    <RippleBumpiness value="0.150000" />
    <RippleMinBumpiness value="0.150000" />
    <RippleMaxBumpiness value="0.500000" />
    <RippleBumpinessWindScale value="0.400000" />
    <RippleScale value="0.040000" />
    <RippleSpeed value="19.000000" />
    <RippleVelocityTransfer value="0.450000" />
    <OceanBumpiness value="0.970000" />
    <DeepOceanScale value="4.46000" />
    <OceanNoiseMinAmplitude value="20.75000" />
    <OceanWaveAmplitude value="2.60000" />
    <ShoreWaveAmplitude value="1.900000" />
    <OceanWaveWindScale value="0.750000" />
    <ShoreWaveWindScale value="0.700000" />
    <OceanWaveMinAmplitude value="3.760000" />
    <ShoreWaveMinAmplitude value="2.000000" />
    <OceanWaveMaxAmplitude value="14.500000" />
    <ShoreWaveMaxAmplitude value="1.500000" />
    <OceanFoamIntensity value="0.140000" />
    <OceanFoamScale value="0.050000" />
    <RippleDisturb value="0.050000" />
    <Lightning value="false"/>
    <Sandstorm value="true"/>
    <DropSettingName>RAINSTORM_DROP</DropSettingName>
    <MistSettingName>RAINSTORM_MIST</MistSettingName>
    <GroundSettingName>DESERT_GROUND_HEAVY</GroundSettingName>
	<TimeCycleFilename>COMMON:/DATA/TIMECYCLE/W_RAIN.XML</TimeCycleFilename>
    <CloudSettingsName>POSTRAINclouds</CloudSettingsName>
  </Item>
  <Item>
    <Name>THUNDER</Name>
    <Sun value="0.1"/>
    <Cloud value="1.000000"/>
    <WindMin value="1.3"/>
    <WindMax value="2.0"/>
    <Rain value="1.200000"/>
	<Snow value="0.000000"/>
    <SnowMist value="0.000000"/>
    <Fog value="2.000666"/>
    <RippleBumpiness value="0.320000" />
    <RippleMinBumpiness value="0.150000" />
    <RippleMaxBumpiness value="0.500000" />
    <RippleBumpinessWindScale value="0.600000" />
    <RippleScale value="0.04000" />
    <RippleSpeed value="20.000000" />
    <RippleVelocityTransfer value="0.450000" />
    <OceanBumpiness value="0.270000" />
    <DeepOceanScale value="4.46000" />
    <OceanNoiseMinAmplitude value="17.55000" />
    <OceanWaveAmplitude value="9.730000" />
    <ShoreWaveAmplitude value="5.10000" />
    <OceanWaveWindScale value="6.900000" />
    <ShoreWaveWindScale value="3.900000" />
    <OceanWaveMinAmplitude value="6.960000" />
    <ShoreWaveMinAmplitude value="4.000000" />
    <OceanWaveMaxAmplitude value="29.666000" />
    <ShoreWaveMaxAmplitude value="5.500000" />
    <OceanFoamIntensity value="0.100000" />
    <OceanFoamScale value="0.010000" />
    <RippleDisturb value="0.050000" />
    <Lightning value="true"/>
    <Sandstorm value="true"/>
    <DropSettingName>RAINSTORM_DROP</DropSettingName>
    <MistSettingName>RAINSTORM_MIST</MistSettingName>
    <GroundSettingName>DESERT_GROUND_HEAVY</GroundSettingName>
	<TimeCycleFilename>COMMON:/DATA/TIMECYCLE/W_THUNDER.XML</TimeCycleFilename>
    <CloudSettingsName>MEDIUMclouds</CloudSettingsName>
  </Item>
  <Item>
    <Name>CLEARING</Name>
    <Sun value="1.0"/>
    <Cloud value="1.0000"/>
    <WindMin value="0.3"/>
    <WindMax value="0.8"/>
    <Rain value="0.459000"/>
	<Snow value="0.000000"/>
    <SnowMist value="0.000000"/>
    <Fog value="0.000666"/>
    <RippleBumpiness value="0.320000" />
    <RippleMinBumpiness value="0.150000" />
    <RippleMaxBumpiness value="0.500000" />
    <RippleBumpinessWindScale value="0.400000" />
    <RippleScale value="0.015000" />
    <RippleSpeed value="19.000000" />
    <RippleVelocityTransfer value="0.450000" />
    <OceanBumpiness value="0.250000" />
    <DeepOceanScale value="2.72000" />
    <OceanNoiseMinAmplitude value="17.10000" />
    <OceanWaveAmplitude value="3.560000" />
    <ShoreWaveAmplitude value="1.800000" />
    <OceanWaveWindScale value="0.700000" />
    <ShoreWaveWindScale value="0.700000" />
    <OceanWaveMinAmplitude value="3.000000" />
    <ShoreWaveMinAmplitude value="0.200000" />
    <OceanWaveMaxAmplitude value="18.00000" />
    <ShoreWaveMaxAmplitude value="1.5000000" />
    <OceanFoamIntensity value="0.140000" />
    <OceanFoamScale value="0.050000" />
    <RippleDisturb value="0.050000" />
    <Lightning value="false"/>
    <Sandstorm value="true"/>
    <DropSettingName>RAINSTORM_DROP</DropSettingName>
    <MistSettingName>RAINSTORM_MIST</MistSettingName>
    <GroundSettingName>LAKE_FOG_GROUND</GroundSettingName>
	<TimeCycleFilename>COMMON:/DATA/TIMECYCLE/W_CLEARING.XML</TimeCycleFilename>
    <CloudSettingsName>POSTRAINclouds</CloudSettingsName>
  </Item>
  <Item>
    <Name>NEUTRAL</Name>
    <Sun value="1.0"/>
    <Cloud value="1.000000"/>
    <WindMin value="0.3"/>
    <WindMax value="0.6"/>
    <Rain value="0.000000"/>
	<Snow value="0.000000"/>
    <SnowMist value="0.050000"/>
    <Fog value="10.000000"/>
    <RippleBumpiness value="0.420000" />
    <RippleMinBumpiness value="0.250000" />
    <RippleMaxBumpiness value="0.500000" />
    <RippleBumpinessWindScale value="0.500000" />
    <RippleScale value="0.040000" />
    <RippleSpeed value="20.000000" />
    <RippleVelocityTransfer value="0.450000" />
    <OceanBumpiness value="0.250000" />
    <DeepOceanScale value="2.72000" />
    <OceanNoiseMinAmplitude value="17.10000" />
    <OceanWaveAmplitude value="3.560000" />
    <ShoreWaveAmplitude value="1.800000" />
    <OceanWaveWindScale value="0.700000" />
    <ShoreWaveWindScale value="0.700000" />
    <OceanWaveMinAmplitude value="3.000000" />
    <ShoreWaveMinAmplitude value="0.200000" />
    <OceanWaveMaxAmplitude value="18.00000" />
    <ShoreWaveMaxAmplitude value="1.5000000" />
    <OceanFoamIntensity value="0.140000" />
    <OceanFoamScale value="0.050000" />
    <RippleDisturb value="0.050000" />
    <Lightning value="false"/>
    <Sandstorm value="true"/>
    <OldSettingName>-</OldSettingName>
    <DropSettingName>UNDERWATER_DROP</DropSettingName>
    <MistSettingName>RAINSTORM_MIST</MistSettingName>
    <GroundSettingName>DESERT_GROUND_HEAVY</GroundSettingName>
	<TimeCycleFilename>COMMON:/DATA/TIMECYCLE/W_neutral.XML</TimeCycleFilename>
    <CloudSettingsName>MEDIUMclouds</CloudSettingsName>
  </Item>
  <Item>
    <Name>SNOW</Name>
    <Sun value="0.1"/>
    <Cloud value="1.000000"/>
    <WindMin value="0.05"/>
    <WindMax value="0.65"/>
    <Rain value="0.000000"/>
	<Snow value="0.000000"/>
    <SnowMist value="0.700000"/>
    <Fog value="1.000000"/>
    <RippleBumpiness value="0.420000" />
    <RippleMinBumpiness value="0.250000" />
    <RippleMaxBumpiness value="0.500000" />
    <RippleBumpinessWindScale value="0.500000" />
    <RippleScale value="0.040000" />
    <RippleSpeed value="20.000000" />
    <RippleVelocityTransfer value="0.450000" />
    <OceanBumpiness value="0.250000" />
    <DeepOceanScale value="1.00000" />
    <OceanNoiseMinAmplitude value="5.00000" />
    <OceanWaveAmplitude value="0.500000" />
    <ShoreWaveAmplitude value="1.800000" />
    <OceanWaveWindScale value="0.700000" />
    <ShoreWaveWindScale value="0.700000" />
    <OceanWaveMinAmplitude value="0.000000" />
    <ShoreWaveMinAmplitude value="0.000000" />
    <OceanWaveMaxAmplitude value="0.500000" />
    <ShoreWaveMaxAmplitude value="1.500000" />
    <OceanFoamIntensity value="0.140000" />
    <OceanFoamScale value="0.050000" />
    <RippleDisturb value="0.050000" />
    <Lightning value="false"/>
    <Sandstorm value="true"/>
    <DropSettingName>UNDERWATER_DROP</DropSettingName>
    <MistSettingName>RAINSTORM_MIST</MistSettingName>
    <GroundSettingName>DESERT_GROUND_HEAVY</GroundSettingName>
	<TimeCycleFilename>COMMON:/DATA/TIMECYCLE/W_snow.XML</TimeCycleFilename>
    <CloudSettingsName>SNOWclouds</CloudSettingsName>
  </Item>
    <Item>
    <Name>BLIZZARD</Name>
    <Sun value="0.1"/>
    <Cloud value="0.900000"/>
    <WindMin value="0.35"/>
    <WindMax value="0.80"/>
    <Rain value="0.000000"/>
    <Snow value="0.000000"/>
    <SnowMist value="0.500000"/>
    <Fog value="1.000000"/>
    <RippleBumpiness value="0.420000" />
    <RippleMinBumpiness value="0.250000" />
    <RippleMaxBumpiness value="0.500000" />
    <RippleBumpinessWindScale value="0.500000" />
    <RippleScale value="0.040000" />
    <RippleSpeed value="20.000000" />
    <RippleVelocityTransfer value="0.450000" />
    <OceanBumpiness value="0.250000" />
    <DeepOceanScale value="1.00000" />
    <OceanNoiseMinAmplitude value="5.00000" />
    <OceanWaveAmplitude value="0.500000" />
    <ShoreWaveAmplitude value="1.800000" />
    <OceanWaveWindScale value="0.700000" />
    <ShoreWaveWindScale value="0.700000" />
    <OceanWaveMinAmplitude value="0.000000" />
    <ShoreWaveMinAmplitude value="0.000000" />
    <OceanWaveMaxAmplitude value="0.500000" />
    <ShoreWaveMaxAmplitude value="1.500000" />
    <OceanFoamIntensity value="0.140000" />
    <OceanFoamScale value="0.050000" />
    <RippleDisturb value="0.050000" />
    <Lightning value="false"/>
    <Sandstorm value="true"/>
     <DropSettingName>UNDERWATER_DROP</DropSettingName>
    <MistSettingName>RAINSTORM_MIST</MistSettingName>
    <GroundSettingName>DESERT_GROUND_HEAVY</GroundSettingName>
	<TimeCycleFilename>COMMON:/DATA/TIMECYCLE/W_blizzard.XML</TimeCycleFilename>
    <CloudSettingsName>SNOWclouds</CloudSettingsName>
  </Item>
  <Item>
    <Name>SNOWLIGHT</Name>
    <Sun value="0.300000"/>
    <Cloud value="1.000000"/>
    <WindMin value="0.01"/>
    <WindMax value="0.2"/>
    <Rain value="0.000000"/>
    <Snow value="0.000000"/>
    <SnowMist value="1.01900"/>
    <Fog value="1.000000"/>
    <RippleBumpiness value="0.420000" />
    <RippleMinBumpiness value="0.250000" />
    <RippleMaxBumpiness value="0.500000" />
    <RippleBumpinessWindScale value="0.500000" />
    <RippleScale value="0.040000" />
    <RippleSpeed value="20.000000" />
    <RippleVelocityTransfer value="0.450000" />
    <OceanBumpiness value="0.250000" />
    <DeepOceanScale value="1.00000" />
    <OceanNoiseMinAmplitude value="5.00000" />
    <OceanWaveAmplitude value="0.500000" />
    <ShoreWaveAmplitude value="1.800000" />
    <OceanWaveWindScale value="0.700000" />
    <ShoreWaveWindScale value="0.700000" />
    <OceanWaveMinAmplitude value="0.000000" />
    <ShoreWaveMinAmplitude value="0.000000" />
    <OceanWaveMaxAmplitude value="0.500000" />
    <ShoreWaveMaxAmplitude value="1.500000" />
    <OceanFoamIntensity value="0.140000" />
    <OceanFoamScale value="0.050000" />
    <RippleDisturb value="0.050000" />
    <Lightning value="false"/>
    <Sandstorm value="true"/>
   <DropSettingName>UNDERWATER_DROP</DropSettingName>
    <MistSettingName>RAINSTORM_MIST</MistSettingName>
    <GroundSettingName>DESERT_GROUND_HEAVY</GroundSettingName>
    <TimeCycleFilename>COMMON:/DATA/TIMECYCLE/W_snowlight.XML</TimeCycleFilename>
    <CloudSettingsName>Default</CloudSettingsName>
	</Item>
  <Item>
    <Name>XMAS</Name>
    <Sun value="0.500000"/>
    <Cloud value="0.200000"/>
    <WindMin value="0.2"/>
    <WindMax value="0.7"/>
    <Rain value="0.000000"/>
    <Snow value="0.000000"/>
    <SnowMist value="0.000000"/>
    <Fog value="1.000000"/>
    <RippleBumpiness value="0.420000" />
    <RippleMinBumpiness value="0.250000" />
    <RippleMaxBumpiness value="0.500000" />
    <RippleBumpinessWindScale value="0.500000" />
    <RippleScale value="0.040000" />
    <RippleSpeed value="20.000000" />
    <RippleVelocityTransfer value="0.450000" />
    <OceanBumpiness value="0.250000" />
    <DeepOceanScale value="1.00000" />
    <OceanNoiseMinAmplitude value="5.00000" />
    <OceanWaveAmplitude value="0.500000" />
    <ShoreWaveAmplitude value="1.800000" />
    <OceanWaveWindScale value="0.700000" />
    <ShoreWaveWindScale value="0.700000" />
    <OceanWaveMinAmplitude value="0.000000" />
    <ShoreWaveMinAmplitude value="0.000000" />
    <OceanWaveMaxAmplitude value="0.500000" />
    <ShoreWaveMaxAmplitude value="1.500000" />
    <OceanFoamIntensity value="0.140000" />
    <OceanFoamScale value="0.050000" />
    <RippleDisturb value="0.050000" />
    <Lightning value="false"/>
    <Sandstorm value="true"/>
    <DropSettingName>UNDERWATER_DROP</DropSettingName>
    <MistSettingName>RAINSTORM_MIST</MistSettingName>
    <GroundSettingName>DESERT_GROUND_HEAVY</GroundSettingName>
    <TimeCycleFilename>COMMON:/DATA/TIMECYCLE/W_XMAS.XML</TimeCycleFilename>
    <CloudSettingsName>LIGHTclouds</CloudSettingsName>
  </Item>
  </WeatherTypes>
  <WeatherCycles>
     <Item>
     <CycleName>SMOG</CycleName>
      <TimeMult value="2" />
    </Item>
    <Item>
      <CycleName>CLEAR</CycleName>
      <TimeMult value="1"/>
    </Item>
    <Item>
      <CycleName>SMOG</CycleName>
      <TimeMult value="4"/>
    </Item>
	 <Item>
      <CycleName>CLEAR</CycleName>
      <TimeMult value="1"/>
    </Item>
    <Item>
      <CycleName>SMOG</CycleName>
      <TimeMult value="3"/>
    </Item>
    <Item>
      <CycleName>CLOUDS</CycleName>
      <TimeMult value="2"/>
    </Item>
    <Item>
      <CycleName>EXTRASUNNY</CycleName>
      <TimeMult value="1"/>
    </Item>
	<Item>
      <CycleName>OVERCAST</CycleName>
      <TimeMult value="2"/>
    </Item>
    <Item>
      <CycleName>BLIZZARD</CycleName>
      <TimeMult value="2"/>
    </Item>
       <Item>
      <CycleName>NEUTRAL</CycleName>
      <TimeMult value="3"/>
    </Item>
    <Item>
      <CycleName>CLOUDS</CycleName>
      <TimeMult value="2"/>
    </Item>
    <Item>
      <CycleName>CLEAR</CycleName>
      <TimeMult value="5"/>
    </Item>
	<Item>
      <CycleName>SMOG</CycleName>
      <TimeMult value="1"/>
    </Item>
    <Item>
      <CycleName>CLOUDS</CycleName>
      <TimeMult value="3"/>
    </Item>
    <Item>
      <CycleName>BLIZZARD</CycleName>
      <TimeMult value="2"/>
    </Item>
    <Item>
      <CycleName>CLOUDS</CycleName>
      <TimeMult value="1"/>
    </Item>
    <Item>
      <CycleName>NEUTRAL</CycleName>
      <TimeMult value="5"/>
    </Item>
    <Item>
      <CycleName>CLEAR</CycleName>
      <TimeMult value="2"/>
    </Item>
    <Item>
      <CycleName>SNOWLIGHT</CycleName>
      <TimeMult value="2"/>
    </Item>
	<Item>
      <CycleName>CLOUDS</CycleName>
      <TimeMult value="2"/>
    </Item>
    <Item>
      <CycleName>CLEAR</CycleName>
      <TimeMult value="1"/>
    </Item>
    <Item>
      <CycleName>BLIZZARD</CycleName>
      <TimeMult value="2"/>
    </Item>
    <Item>
      <CycleName>OVERCAST</CycleName>
      <TimeMult value="2"/>
    </Item>
    <Item>
      <CycleName>CLOUDS</CycleName>
      <TimeMult value="2"/>
    </Item>
    <Item>
      <CycleName>CLEAR</CycleName>
      <TimeMult value="1"/>
    </Item>
    <Item>
      <CycleName>BLIZZARD</CycleName>
      <TimeMult value="1"/>
    </Item>
       <Item>
      <CycleName>SMOG</CycleName>
      <TimeMult value="2"/>
    </Item>
	<Item>
      <CycleName>CLEAR</CycleName>
      <TimeMult value="2"/>
    </Item>
    <Item>
      <CycleName>SMOG</CycleName>
      <TimeMult value="2"/>
    </Item>
       <Item>
      <CycleName>SNOWLIGHT</CycleName>
      <TimeMult value="3"/>
    </Item>
       <Item>
      <CycleName>NEUTRAL</CycleName>
      <TimeMult value="1"/>
    </Item>
    <Item>
      <CycleName>RAIN</CycleName>
      <TimeMult value="2"/>
    </Item>
      <Item>
      <CycleName>CLEARING</CycleName>
      <TimeMult value="4"/>
    </Item>
    <Item>
      <CycleName>BLIZZARD</CycleName>
      <TimeMult value="1"/>
    </Item>
    <Item>
      <CycleName>SMOG</CycleName>
      <TimeMult value="2"/>
    </Item>
    <Item>
      <CycleName>BLIZZARD</CycleName>
      <TimeMult value="1"/>
    </Item>
    <Item>
      <CycleName>SNOWLIGHT</CycleName>
      <TimeMult value="2"/>
    </Item>
	<Item>
      <CycleName>OVERCAST</CycleName>
      <TimeMult value="1"/>
    </Item>
    <Item>
      <CycleName>CLOUDS</CycleName>
      <TimeMult value="1"/>
    </Item>
    <Item>
      <CycleName>SMOG</CycleName>
      <TimeMult value="1"/>
    </Item>
       <Item>
      <CycleName>NEUTRAL</CycleName>
      <TimeMult value="1"/>
    </Item>
    <Item>
      <CycleName>OVERCAST</CycleName>
      <TimeMult value="3"/>
    </Item>
    <Item>
      <CycleName>RAIN</CycleName>
      <TimeMult value="1"/>
    </Item>
	    <Item>
      <CycleName>CLEARING</CycleName>
      <TimeMult value="5"/>
    </Item>
    <Item>
      <CycleName>SNOWLIGHT</CycleName>
      <TimeMult value="2"/>
    </Item>
    <Item>
      <CycleName>OVERCAST</CycleName>
      <TimeMult value="2"/>
    </Item>
	<Item>
      <CycleName>SMOG</CycleName>
      <TimeMult value="3"/>
    </Item>
    <Item>
      <CycleName>OVERCAST</CycleName>
      <TimeMult value="1"/>
    </Item>
    <Item>
      <CycleName>SMOG</CycleName>
      <TimeMult value="3"/>
    </Item>
    <Item>
      <CycleName>OVERCAST</CycleName>
      <TimeMult value="3"/>
    </Item>
    <Item>
      <CycleName>THUNDER</CycleName>
      <TimeMult value="1"/>
    </Item>
    <Item>
      <CycleName>SMOG</CycleName>
      <TimeMult value="1"/>
    </Item>
    <Item>
      <CycleName>CLEAR</CycleName>
      <TimeMult value="1"/>
    </Item>
    <Item>
      <CycleName>BLIZZARD</CycleName>
      <TimeMult value="1"/>
    </Item>
    <Item>
      <CycleName>SMOG</CycleName>
      <TimeMult value="2"/>
    </Item>
    <Item>
      <CycleName>NEUTRAL</CycleName>
      <TimeMult value="4"/>
    </Item>
      <Item>
      <CycleName>SNOWLIGHT</CycleName>
      <TimeMult value="2"/>
    </Item>
    <Item>
      <CycleName>CLEARING</CycleName>
      <TimeMult value="3"/>
    </Item>
    <Item>
      <CycleName>OVERCAST</CycleName>
      <TimeMult value="1"/>
    </Item>
    <Item>
      <CycleName>SMOG</CycleName>
      <TimeMult value="1"/>
    </Item>
    <Item>
      <CycleName>CLOUDS</CycleName>
      <TimeMult value="5"/>
    </Item>
    <Item>
      <CycleName>EXTRASUNNY</CycleName>
      <TimeMult value="1"/>
    </Item>
    <Item>
      <CycleName>OVERCAST</CycleName>
      <TimeMult value="2"/>
    </Item>
	<Item>
      <CycleName>RAIN</CycleName>
      <TimeMult value="1"/>
    </Item>
    <Item>
      <CycleName>THUNDER</CycleName>
      <TimeMult value="5"/>
    </Item>
        <Item>
      <CycleName>CLEARING</CycleName>
      <TimeMult value="2"/>
    </Item>
    <Item>
      <CycleName>FOGGY</CycleName>
      <TimeMult value="1"/>
    </Item>
    <Item>
      <CycleName>CLEAR</CycleName>
      <TimeMult value="2"/>
    </Item>
    <Item>
      <CycleName>SMOG</CycleName>
      <TimeMult value="1"/>
    </Item>
    <Item>
      <CycleName>EXTRASUNNY</CycleName>
      <TimeMult value="2"/>
    </Item>
    <Item>
      <CycleName>CLEAR</CycleName>
      <TimeMult value="3"/>
    </Item>
    <Item>
      <CycleName>CLEAR</CycleName>
      <TimeMult value="5"/>
    </Item>
    <Item>
      <CycleName>SMOG</CycleName>
      <TimeMult value="3"/>
    </Item>
    <Item>
      <CycleName>CLOUDS</CycleName>
      <TimeMult value="2"/>
    </Item>
    <Item>
      <CycleName>NEUTRAL</CycleName>
      <TimeMult value="1"/>
    </Item>
    <Item>
      <CycleName>EXTRASUNNY</CycleName>
      <TimeMult value="1"/>
    </Item>
    <Item>
      <CycleName>OVERCAST</CycleName>
      <TimeMult value="3"/>
    </Item>
	 <Item>
      <CycleName>BLIZZARD</CycleName>
      <TimeMult value="2"/>
    </Item>
    <Item>
      <CycleName>OVERCAST</CycleName>
      <TimeMult value="3"/>
    </Item>
    <Item>
      <CycleName>CLEAR</CycleName>
      <TimeMult value="1"/>
    </Item>
    <Item>
      <CycleName>SNOWLIGHT</CycleName>
      <TimeMult value="1"/>
    </Item>
    <Item>
      <CycleName>EXTRASUNNY</CycleName>
      <TimeMult value="1"/>
    </Item>
    <Item>
      <CycleName>SMOG</CycleName>
      <TimeMult value="3"/>
    </Item>
    <Item>
      <CycleName>EXTRASUNNY</CycleName>
      <TimeMult value="2"/>
    </Item>
    <Item>
      <CycleName>OVERCAST</CycleName>
      <TimeMult value="1"/>
    </Item>
    <Item>
      <CycleName>BLIZZARD</CycleName>
      <TimeMult value="3"/>
    </Item>
    <Item>
      <CycleName>CLOUDS</CycleName>
      <TimeMult value="5"/>
    </Item>
    <Item>
      <CycleName>SMOG</CycleName>
      <TimeMult value="3"/>
	</Item>
    <Item>
      <CycleName>CLEARING</CycleName>
      <TimeMult value="2"/>
    </Item>
       <Item>
      <CycleName>RAIN</CycleName>
      <TimeMult value="1"/>
    </Item>
    <Item>
      <CycleName>THUNDER</CycleName>
      <TimeMult value="2"/>
    </Item>
    <Item>
      <CycleName>BLIZZARD</CycleName>
      <TimeMult value="3"/>
    </Item>
    <Item>
      <CycleName>NEUTRAL</CycleName>
      <TimeMult value="1"/>
    </Item>
    <Item>
      <CycleName>SMOG</CycleName>
      <TimeMult value="2"/>
    </Item>
    <Item>
      <CycleName>NEUTRAL</CycleName>
      <TimeMult value="1"/>
    </Item>
    <Item>
      <CycleName>OVERCAST</CycleName>
      <TimeMult value="1"/>
    </Item>
	  <Item>
      <CycleName>EXTRASUNNY</CycleName>
      <TimeMult value="2"/>
    </Item>
    <Item>
      <CycleName>OVERCAST</CycleName>
      <TimeMult value="1"/>
    </Item>
    <Item>
      <CycleName>EXTRASUNNY</CycleName>
      <TimeMult value="3"/>
    </Item>
    <Item>
      <CycleName>OVERCAST</CycleName>
      <TimeMult value="1"/>
    </Item>
	<Item>
      <CycleName>CLEAR</CycleName>
      <TimeMult value="5"/>
    </Item>
    <Item>
      <CycleName>SNOWLIGHT</CycleName>
      <TimeMult value="2"/>
    </Item>
	<Item>
      <CycleName>OVERCAST</CycleName>
      <TimeMult value="5"/>
    </Item>
    <Item>
      <CycleName>EXTRASUNNY</CycleName>
      <TimeMult value="2"/>
    </Item>
    <Item>
      <CycleName>OVERCAST</CycleName>
      <TimeMult value="1"/>
    </Item>
	<Item>
      <CycleName>CLEAR</CycleName>
      <TimeMult value="5"/>
    </Item>
    <Item>
      <CycleName>SMOG</CycleName>
      <TimeMult value="1"/>
    </Item>
	<Item>
      <CycleName>CLEAR</CycleName>
      <TimeMult value="5"/>
    </Item>
    <Item>
      <CycleName>OVERCAST</CycleName>
      <TimeMult value="1"/>
    </Item>
        <Item>
      <CycleName>CLEAR</CycleName>
      <TimeMult value="3"/>
    </Item>
    <Item>
      <CycleName>OVERCAST</CycleName>
      <TimeMult value="2"/>
    </Item>
    <Item>
      <CycleName>SMOG</CycleName>
      <TimeMult value="2"/>
    </Item>
    <Item>
      <CycleName>RAINING</CycleName>
      <TimeMult value="4"/>
	</Item>
    <Item>
      <CycleName>THUNDER</CycleName>
      <TimeMult value="1"/>
    </Item>
    <Item>
      <CycleName>RAIN</CycleName>
      <TimeMult value="2"/>
    </Item>
    <Item>
      <CycleName>CLEARING</CycleName>
      <TimeMult value="1"/>
    </Item>
    <Item>
      <CycleName>FOGGY</CycleName>
      <TimeMult value="2"/>
    </Item>
    <Item>
      <CycleName>SMOG</CycleName>
      <TimeMult value="2"/>
    </Item>
    <Item>
      <CycleName>OVERCAST</CycleName>
      <TimeMult value="1"/>
    </Item>
    <Item>
      <CycleName>EXTRASUNNY</CycleName>
      <TimeMult value="2"/>
    </Item>
	<Item>
      <CycleName>CLEAR</CycleName>
      <TimeMult value="5"/>
    </Item>
    <Item>
      <CycleName>SMOG</CycleName>
      <TimeMult value="3"/>
    </Item>
	 <Item>
      <CycleName>CLOUDS</CycleName>
      <TimeMult value="1"/>
    </Item>
    <Item>
      <CycleName>SNOWLIGHT</CycleName>
      <TimeMult value="2"/>
    </Item>
    <Item>
      <CycleName>OVERCAST</CycleName>
      <TimeMult value="3"/>
    </Item>
    <Item>
      <CycleName>SNOW</CycleName>
      <TimeMult value="1"/>
    </Item>
	<Item>
      <CycleName>CLEAR</CycleName>
      <TimeMult value="5"/>
    </Item>
    <Item>
      <CycleName>EXTRASUNNY</CycleName>
      <TimeMult value="1"/>
    </Item>
    <Item>
      <CycleName>OVERCAST</CycleName>
      <TimeMult value="1"/>
    </Item>
    <Item>
      <CycleName>BLIZZARD</CycleName>
      <TimeMult value="3"/>
    </Item>
    <Item>
      <CycleName>EXTRASUNNY</CycleName>
      <TimeMult value="2"/>
    </Item>
    <Item>
      <CycleName>NEUTRAL</CycleName>
      <TimeMult value="1"/>
    </Item>
    <Item>
      <CycleName>CLEAR</CycleName>
      <TimeMult value="3"/>
    </Item>
    <Item>
      <CycleName>OVERCAST</CycleName>
      <TimeMult value="5"/>
    </Item>
    <Item>
      <CycleName>SMOG</CycleName>
      <TimeMult value="3"/>
    </Item>
    <Item>
      <CycleName>OVERCAST</CycleName>
      <TimeMult value="2"/>
    </Item>
   <Item>
      <CycleName>CLOUDS</CycleName>
      <TimeMult value="2"/>
    </Item>
    <Item>
      <CycleName>CLEARING</CycleName>
      <TimeMult value="4"/>
    </Item>
    <Item>
      <CycleName>SNOW</CycleName>
      <TimeMult value="2"/>
    </Item>
    <Item>
      <CycleName>OVERCAST</CycleName>
      <TimeMult value="1"/>
    </Item>
    <Item>
      <CycleName>EXTRASUNNY</CycleName>
      <TimeMult value="3"/>
    </Item>
    <Item>
      <CycleName>CLEAR</CycleName>
      <TimeMult value="1"/>
    </Item>
    <Item>
      <CycleName>SNOWLIGHT</CycleName>
      <TimeMult value="1"/>
    </Item>
        <Item>
      <CycleName>SMOG</CycleName>
      <TimeMult value="4"/>
    </Item>
    <Item>
      <CycleName>EXTRASUNNY</CycleName>
      <TimeMult value="1"/>
    </Item>
    <Item>
      <CycleName>CLEAR</CycleName>
      <TimeMult value="1"/>
    </Item>
    <Item>
      <CycleName>OVERCAST</CycleName>
      <TimeMult value="3"/>
    </Item>
    <Item>
      <CycleName>EXTRASUNNY</CycleName>
      <TimeMult value="2"/>
    </Item>
    <Item>
      <CycleName>OVERCAST</CycleName>
      <TimeMult value="1"/>
    </Item>
    <Item>
      <CycleName>BLIZZARD</CycleName>
      <TimeMult value="5"/>
    </Item>
    <Item>
      <CycleName>RAIN</CycleName>
      <TimeMult value="2"/>
    </Item>
    <Item>
      <CycleName>OVERCAST</CycleName>
      <TimeMult value="2"/>
    </Item>
    <Item>
      <CycleName>CLEAR</CycleName>
      <TimeMult value="5"/>
    </Item>
    <Item>
      <CycleName>OVERCAST</CycleName>
      <TimeMult value="2"/>
    </Item>
	<Item>
      <CycleName>EXTRASUNNY</CycleName>
      <TimeMult value="1"/>
    </Item>
    <Item>
      <CycleName>CLEAR</CycleName>
      <TimeMult value="3"/>
    </Item>
	<Item>
      <CycleName>CLOUDS</CycleName>
      <TimeMult value="1"/>
    </Item>
    <Item>
      <CycleName>CLEAR</CycleName>
      <TimeMult value="5"/>
    </Item>
    <Item>
      <CycleName>CLOUDS</CycleName>
      <TimeMult value="3"/>
    </Item>
    <Item>
      <CycleName>SNOWLIGHT</CycleName>
      <TimeMult value="2"/>
    </Item>
   <Item>
      <CycleName>CLOUDS</CycleName>
      <TimeMult value="2"/>
    </Item>
    <Item>
      <CycleName>CLEAR</CycleName>
      <TimeMult value="4"/>
    </Item>
    <Item>
      <CycleName>EXTRASUNNY</CycleName>
      <TimeMult value="2"/>
    </Item>
	<Item>
      <CycleName>SNOW</CycleName>
      <TimeMult value="3"/>
    </Item>
    <Item>
      <CycleName>OVERCAST</CycleName>
      <TimeMult value="1"/>
    </Item>
    <Item>
      <CycleName>SMOG</CycleName>
      <TimeMult value="2"/>
    </Item>
    <Item>
      <CycleName>RAIN</CycleName>
      <TimeMult value="1"/>
    </Item>
    <Item>
      <CycleName>THUNDER</CycleName>
      <TimeMult value="3"/>
    </Item>
  <Item>
      <CycleName>RAIN</CycleName>
      <TimeMult value="1"/>
    </Item>
    <Item>
      <CycleName>CLEARING</CycleName>
      <TimeMult value="2"/>
    </Item>
	<Item>
      <CycleName>SMOG</CycleName>
      <TimeMult value="1"/>
    </Item>
    <Item>
      <CycleName>OVERCAST</CycleName>
      <TimeMult value="4"/>
    </Item>
	<Item>
      <CycleName>BLIZZARD</CycleName>
      <TimeMult value="1"/>
    </Item>
  </WeatherCycles>
</CContentsOfWeatherXmlFile>
