<?xml version="1.0" encoding="UTF-8"?>
<!-- QuantV 2.1 -->
<timecycle_keyframe_data version="1">
<cycle name="CLOUDS" regions="2">
<region name="GLOBAL">
<light_dir_col_r>0.1 1 1 1 1 1 1 1 1 1 1 1 0.1</light_dir_col_r>
<light_dir_col_g>0.1 1 1 1 1 1 1 1 1 1 1 1 0.1</light_dir_col_g>
<light_dir_col_b>0.1 1 1 1 1 1 1 1 1 1 1 1 0.1</light_dir_col_b>
<light_dir_mult>0.01 0.06 0.3 5 20 20 50 20 20 20 2 0.05 0.02</light_dir_mult>
<light_directional_amb_col_r>0.34 0.1 0.3 0.6 0.7 0.7 0.7 0.7 0.7 0.7 0.7 0.4 0.3</light_directional_amb_col_r>
<light_directional_amb_col_g>0.51 0.2 0.45 0.8 0.7 0.7 0.7 0.7 0.7 0.7 0.7 0.7 0.5</light_directional_amb_col_g>
<light_directional_amb_col_b>0.89 1 0.7 1 0.7 0.7 0.7 0.7 0.7 0.7 0.7 1 0.9</light_directional_amb_col_b>
<light_directional_amb_intensity>0.02 0.02 1 1 2 2 2 2 2 1 1 0.04 0.03</light_directional_amb_intensity>
<light_directional_amb_intensity_mult>1 1 1 1 1 1 1 1 1 1 1 1 1</light_directional_amb_intensity_mult>
<light_directional_amb_bounce_enabled>0 0 0 0 1 0 0 0 0 0 0 0 0</light_directional_amb_bounce_enabled>
<light_amb_down_wrap>2 2 2 2 2 2 2 2 2 2 2 2 2</light_amb_down_wrap>
<light_natural_amb_down_col_r>0.05 0.4 0.5 0.6 0.6 0.6 0.6 0.6 0.6 0.6 0.6 0.4 0.24</light_natural_amb_down_col_r>
<light_natural_amb_down_col_g>0.39 0.6 0.8 0.8 0.75 0.75 0.75 0.75 0.75 0.8 0.8 0.5 0.56</light_natural_amb_down_col_g>
<light_natural_amb_down_col_b>1 1 1 1 1 1 1 1 1 1 1 1 1</light_natural_amb_down_col_b>
<light_natural_amb_down_intensity>0 0.1 1 6 10 11 9 8 7 7 5 0.1 0.01</light_natural_amb_down_intensity>
<light_natural_amb_up_col_r>0.23 0.24 0.3 1 0.71 1 1 1 0.75 0.75 0.26 0.19 0.53</light_natural_amb_up_col_r>
<light_natural_amb_up_col_g>0.4 0.51 0.46 0.92 0.8 0.97 0.97 0.97 0.97 0.4 0.4 0.37 0.7</light_natural_amb_up_col_g>
<light_natural_amb_up_col_b>0.7 0.96 0.63 0.73 0.85 0.89 0.89 0.89 0.89 0.77 0.77 0.72 1</light_natural_amb_up_col_b>
<light_natural_amb_up_intensity>0 0 0 0 0 0 0 0 0 0 0 0 0</light_natural_amb_up_intensity>
<light_natural_amb_up_intensity_mult>1 1 1 1 1 1 1 1 1 1 1 1 1</light_natural_amb_up_intensity_mult>
<light_natural_push>0 0 0 0 0 0 0 0 0 0 0 0 0</light_natural_push>
<light_ambient_bake_ramp>0.3 0.3 1 1 2 2 2 2 2 1 1 0.3 0.3</light_ambient_bake_ramp>
<light_artificial_int_down_col_r>1 1 1 1 1 1 1 1 1 1 1 1 1</light_artificial_int_down_col_r>
<light_artificial_int_down_col_g>1 1 1 1 1 1 1 1 1 1 1 1 1</light_artificial_int_down_col_g>
<light_artificial_int_down_col_b>1 1 1 1 1 1 1 1 1 1 1 1 1</light_artificial_int_down_col_b>
<light_artificial_int_down_intensity>0.5 0.5 0.5 0.5 0.5 0.5 0.5 0.5 0.5 0.5 0.5 0.5 0.5</light_artificial_int_down_intensity>
<light_artificial_int_up_col_r>1 1 1 1 1 1 1 1 1 1 1 1 1</light_artificial_int_up_col_r>
<light_artificial_int_up_col_g>1 1 1 1 1 1 1 1 1 1 1 1 1</light_artificial_int_up_col_g>
<light_artificial_int_up_col_b>1 1 1 1 1 1 1 1 1 1 1 1 1</light_artificial_int_up_col_b>
<light_artificial_int_up_intensity>0.5 0.5 0.5 0.5 0.5 0.5 0.5 0.5 0.5 0.5 0.5 0.5 0.5</light_artificial_int_up_intensity>
<light_artificial_ext_down_col_r>1 1 0 0 0 0 0 0 0 0 1 1 1</light_artificial_ext_down_col_r>
<light_artificial_ext_down_col_g>0.34 0.34 0 0 0 0 0 0 0 0 0.34 0.34 0.34</light_artificial_ext_down_col_g>
<light_artificial_ext_down_col_b>0.11 0.11 0 0 0 0 0 0 0 0 0.11 0.11 0.11</light_artificial_ext_down_col_b>
<light_artificial_ext_down_intensity>0.15 0.09 0 0 0 0 0 0 0 0 0.13 0.14 0.14</light_artificial_ext_down_intensity>
<light_artificial_ext_up_col_r>1 1 0 0 0 0 0 0 0 0 1 1 1</light_artificial_ext_up_col_r>
<light_artificial_ext_up_col_g>0.47 0.47 0 0 0 0 0 0 0 0 0.31 0.47 0.47</light_artificial_ext_up_col_g>
<light_artificial_ext_up_col_b>0.13 0.13 0 0 0 0 0 0 0 0 0.11 0.13 0.13</light_artificial_ext_up_col_b>
<light_artificial_ext_up_intensity>0.11 0.02 0 0 0 0 0 0 0 0 0.11 0.11 0.11</light_artificial_ext_up_intensity>
<ped_light_col_r>1 1 1 1 1 0.5 0.5 0.5 1 1 1 1 1</ped_light_col_r>
<ped_light_col_g>1 1 1 1 1 0.7 0.7 0.7 1 1 1 1 1</ped_light_col_g>
<ped_light_col_b>1 1 1 1 1 1 1 1 1 1 1 1 1</ped_light_col_b>
<ped_light_mult>0.02 0.1 0.2 0.2 0.2 0.2 0.2 0.2 0.2 0.2 0.2 0.1 0.05</ped_light_mult>
<light_amb_occ_mult>1 1 1 1 1 1 1 1 1 1 1 1 1</light_amb_occ_mult>
<light_amb_occ_mult_ped>0.6 0.5 0.4 0.35 0.35 0.35 0.35 0.35 0.35 0.35 0.4 0.5 0.6</light_amb_occ_mult_ped>
<light_amb_occ_mult_veh>3 3 2 2 2 2 2 2 2 2 2 3 3</light_amb_occ_mult_veh>
<light_amb_occ_mult_prop>1 1 1 1 1 1 1 1 1 1 1 1 1</light_amb_occ_mult_prop>
<light_amb_volumes_in_diffuse>1 1 0 0 0 0 0 0 0 0 0 1 1</light_amb_volumes_in_diffuse>
<ssao_inten>4.1 4.1 4.1 4.1 4.1 4.1 4.1 4.1 4.1 4.1 4.1 4.1 4.1</ssao_inten>
<ssao_type>0 0 0 0 0 0 0 0 0 0 0 0 0</ssao_type>
<ssao_cp_strength>0.5 0.5 0.5 0.5 0.5 0.5 0.5 0.5 0.5 0.5 0.5 0.5 0.5</ssao_cp_strength>
<ssao_qs_strength>1 1 1 1 1 1 1 1 1 1 1 1 1</ssao_qs_strength>
<light_ped_rim_mult>0.9 0.9 0.9 0.9 0.9 0.9 0.9 0.9 0.9 0.9 0.9 0.9 0.9</light_ped_rim_mult>
<light_dynamic_bake_tweak>0 0 0 0 0 0 0 0 0 0 0 0 0</light_dynamic_bake_tweak>
<light_vehicle_second_spec_override>1 0.9 0.5 0 0 0 0 0 0 0 0.9 0.9 1</light_vehicle_second_spec_override>
<light_vehicle_intenity_scale>1 1 1 1 1 1 1 1 1 1 1 1 1</light_vehicle_intenity_scale>
<light_direction_override>0 0 0 0 0 0 0 0 0 0 0 0 0</light_direction_override>
<light_direction_override_overrides_sun>1 1 1 1 1 1 1 1 1 1 1 1 1</light_direction_override_overrides_sun>
<sun_direction_x>0 0 0 0 0 0 0 0 0 0 0 0 0</sun_direction_x>
<sun_direction_y>-1 -1 -1 -1 -1 -1 -1 -1 -1 -1 -1 -1 -1</sun_direction_y>
<sun_direction_z>0 0 0 0 0 0 0 0 0 0 0 0 0</sun_direction_z>
<moon_direction_x>0 0 0 0 0 0 0 0 0 0 0 0 0</moon_direction_x>
<moon_direction_y>-1 -1 -1 -1 -1 -1 -1 -1 -1 -1 -1 -1 -1</moon_direction_y>
<moon_direction_z>0 0 0 0 0 0 0 0 0 0 0 0 0</moon_direction_z>
<light_ray_col_r>0 1 1 1 1 1 1 1 1 1 1 0.3 0</light_ray_col_r>
<light_ray_col_g>0 0.82 0.7 0.9 0.9 0.9 0.9 0.9 0.9 0.9 0.9 0.2 0</light_ray_col_g>
<light_ray_col_b>0 0.65 0.6 0.8 0.8 0.8 0.8 0.8 0.8 0.8 0.8 0.4 0</light_ray_col_b>
<light_ray_mult>0 0 3 8 9 4 4 4 4 5 5 2 0</light_ray_mult>
<light_ray_underwater_mult>0 0 1 2 5 6 5 5 3 1 1 0 0</light_ray_underwater_mult>
<light_ray_dist>60 60 30 30 30 30 30 30 30 30 30 30 60</light_ray_dist>
<light_ray_heightfalloff>1 1 1 1 1 1 1 1 1 1 1 1 1</light_ray_heightfalloff>
<light_ray_height_falloff_start>500 500 500 500 500 500 500 500 500 500 500 500 500</light_ray_height_falloff_start>
<light_ray_add_reducer>4 4 1 8 1 4 4 4 4 4 4 4 4</light_ray_add_reducer>
<light_ray_blit_size>10 10 10 10 10 10 10 10 10 10 10 10 10</light_ray_blit_size>
<light_ray_length>8.5 8.5 15 15.75 10 10 10 10 10 10 10 10 8.5</light_ray_length>
<postfx_exposure>0 0 0 0 0 0 0 0 0 0 0 0 0</postfx_exposure>
<postfx_exposure_min>-3.5 -3.5 0 0 0 0 0 0 0 0 0 -3.5 -3.5</postfx_exposure_min>
<postfx_exposure_max>5 5 -3 -3 -3 -3 -3 -3 -3 -3 -3 5 5</postfx_exposure_max>
<postfx_bright_pass_thresh_width>0.25 0.2 0.4 0.8 1.1 1.5 1.3 1.2 0.7 0.6 0.5 0.2 0.25</postfx_bright_pass_thresh_width>
<postfx_bright_pass_thresh>0.05 0.25 0.3 0.9 1.2 1.8 1.4 1 0.8 0.8 0.7 0.2 0.05</postfx_bright_pass_thresh>
<postfx_intensity_bloom>0.4 0.4 0.2 0.02 0.05 0.05 0.05 0.05 0.02 0.02 0.1 0.2 0.4</postfx_intensity_bloom>
<postfx_correct_col_r>1 1 1 1 1 1 1 1 1 1 1 1 1</postfx_correct_col_r>
<postfx_correct_col_g>1 1 1 1 1 1 1 1 1 1 1 1 1</postfx_correct_col_g>
<postfx_correct_col_b>1 1 1 1 1 1 1 1 1 1 1 1 1</postfx_correct_col_b>
<postfx_correct_cutoff>0 0 0 0 0 0 0 0 0 0 0 0 0</postfx_correct_cutoff>
<postfx_shift_col_r>1 1 1 1 1 1 1 1 1 1 1 1 1</postfx_shift_col_r>
<postfx_shift_col_g>1 1 1 1 1 1 1 1 1 1 1 1 1</postfx_shift_col_g>
<postfx_shift_col_b>1 1 1 1 1 1 1 1 1 1 1 1 1</postfx_shift_col_b>
<postfx_shift_cutoff>0.05 0.08 0.1 0.15 0.35 0.5 0.44 0.3 0.15 0.1 0.08 0.06 0.05</postfx_shift_cutoff>
<postfx_desaturation>1 1 1 1 1 1 1 1 1 1 1 1 1</postfx_desaturation>
<postfx_noise>0 0 0 0 0 0 0 0 0 0 0 0 0</postfx_noise>
<postfx_noise_size>0 0 0 0 0 0 0 0 0 0 0 0 0</postfx_noise_size>
<postfx_tonemap_filmic_override_dark>0 0 0 0 0 0 0 0 0 0 0 0 0</postfx_tonemap_filmic_override_dark>
<postfx_tonemap_filmic_exposure_dark>1 1 1 1 1 1 1 1 1 1 1 1 1</postfx_tonemap_filmic_exposure_dark>
<postfx_tonemap_filmic_a>0 0 0 0 0 0 0 0 0 0 0 0 0</postfx_tonemap_filmic_a>
<postfx_tonemap_filmic_b>0 0 0 0 0 0 0 0 0 0 0 0 0</postfx_tonemap_filmic_b>
<postfx_tonemap_filmic_c>0 0 0 0 0 0 0 0 0 0 0 0 0</postfx_tonemap_filmic_c>
<postfx_tonemap_filmic_d>0 0 0 0 0 0 0 0 0 0 0 0 0</postfx_tonemap_filmic_d>
<postfx_tonemap_filmic_e>0 0 0 0 0 0 0 0 0 0 0 0 0</postfx_tonemap_filmic_e>
<postfx_tonemap_filmic_f>0 0 0 0 0 0 0 0 0 0 0 0 0</postfx_tonemap_filmic_f>
<postfx_tonemap_filmic_w>0 0 0 0 0 0 0 0 0 0 0 0 0</postfx_tonemap_filmic_w>
<postfx_tonemap_filmic_override_bright>0 0 0 0 0 0 0 0 0 0 0 0 0</postfx_tonemap_filmic_override_bright>
<postfx_tonemap_filmic_exposure_bright>-2 -2 -2 -2 -2 -2 -2 -2 -2 -2 -2 -2 -2</postfx_tonemap_filmic_exposure_bright>
<postfx_tonemap_filmic_a_bright>0 0 0 0 0 0 0 0 0 0 0 0 0</postfx_tonemap_filmic_a_bright>
<postfx_tonemap_filmic_b_bright>0 0 0 0 0 0 0 0 0 0 0 0 0</postfx_tonemap_filmic_b_bright>
<postfx_tonemap_filmic_c_bright>0 0 0 0 0 0 0 0 0 0 0 0 0</postfx_tonemap_filmic_c_bright>
<postfx_tonemap_filmic_d_bright>0 0 0 0 0 0 0 0 0 0 0 0 0</postfx_tonemap_filmic_d_bright>
<postfx_tonemap_filmic_e_bright>0 0 0 0 0 0 0 0 0 0 0 0 0</postfx_tonemap_filmic_e_bright>
<postfx_tonemap_filmic_f_bright>0 0 0 0 0 0 0 0 0 0 0 0 0</postfx_tonemap_filmic_f_bright>
<postfx_tonemap_filmic_w_bright>0 0 0 0 0 0 0 0 0 0 0 0 0</postfx_tonemap_filmic_w_bright>
<postfx_vignetting_intensity>0 0 0 0 0 0 0 0 0 0 0 0 0</postfx_vignetting_intensity>
<postfx_vignetting_radius>0 0 0 0 0 0 0 0 0 0 0 0 0</postfx_vignetting_radius>
<postfx_vignetting_contrast>0 0 0 0 0 0 0 0 0 0 0 0 0</postfx_vignetting_contrast>
<postfx_vignetting_col_r>0 0 0 0 0 0 0 0 0 0 0 0 0</postfx_vignetting_col_r>
<postfx_vignetting_col_g>0 0 0 0 0 0 0 0 0 0 0 0 0</postfx_vignetting_col_g>
<postfx_vignetting_col_b>0 0 0 0 0 0 0 0 0 0 0 0 0</postfx_vignetting_col_b>
<postfx_grad_top_col_r>1 1 1 1 1 1 1 1 1 1 1 1 1</postfx_grad_top_col_r>
<postfx_grad_top_col_g>1 1 1 1 1 1 1 1 1 1 1 1 1</postfx_grad_top_col_g>
<postfx_grad_top_col_b>1 1 1 1 1 1 1 1 1 1 1 1 1</postfx_grad_top_col_b>
<postfx_grad_middle_col_r>1 1 1 1 1 1 1 1 1 1 1 1 1</postfx_grad_middle_col_r>
<postfx_grad_middle_col_g>1 1 1 1 1 1 1 1 1 1 1 1 1</postfx_grad_middle_col_g>
<postfx_grad_middle_col_b>1 1 1 1 1 1 1 1 1 1 1 1 1</postfx_grad_middle_col_b>
<postfx_grad_bottom_col_r>1 1 1 1 1 1 1 1 1 1 1 1 1</postfx_grad_bottom_col_r>
<postfx_grad_bottom_col_g>1 1 1 1 1 1 1 1 1 1 1 1 1</postfx_grad_bottom_col_g>
<postfx_grad_bottom_col_b>1 1 1 1 1 1 1 1 1 1 1 1 1</postfx_grad_bottom_col_b>
<postfx_grad_midpoint>0.5 0.5 0.5 0.5 0.5 0.5 0.5 0.5 0.5 0.5 0.5 0.5 0.5</postfx_grad_midpoint>
<postfx_grad_top_middle_midpoint>0.5 0.5 0.5 0.5 0.5 0.5 0.5 0.5 0.5 0.5 0.5 0.5 0.5</postfx_grad_top_middle_midpoint>
<postfx_grad_middle_bottom_midpoint>0.5 0.5 0.5 0.5 0.5 0.5 0.5 0.5 0.5 0.5 0.5 0.5 0.5</postfx_grad_middle_bottom_midpoint>
<postfx_scanlineintensity>0 0 0 0 0 0 0 0 0 0 0 0 0</postfx_scanlineintensity>
<postfx_scanline_frequency_0>0 0 0 0 0 0 0 0 0 0 0 0 0</postfx_scanline_frequency_0>
<postfx_scanline_frequency_1>0 0 0 0 0 0 0 0 0 0 0 0 0</postfx_scanline_frequency_1>
<postfx_scanline_speed>0 0 0 0 0 0 0 0 0 0 0 0 0</postfx_scanline_speed>
<postfx_motionblurlength>0 0 0 0 0 0 0 0 0 0 0 0 0</postfx_motionblurlength>
<dof_far>990 990 990 990 990 990 990 990 990 990 990 990 990</dof_far>
<dof_blur_mid>0 0 0 0 0 0 0 0 0 0 0 0 0</dof_blur_mid>
<dof_blur_far>0 0 0 0 0 0 0 0 0 0 0 0 0</dof_blur_far>
<dof_enable_hq>0 0 0 0 0 0 0 0 0 0 0 0 0</dof_enable_hq>
<dof_hq_smallblur>0 0 0 0 0 0 0 0 0 0 0 0 0</dof_hq_smallblur>
<dof_hq_shallowdof>0 0 0 0 0 0 0 0 0 0 0 0 0</dof_hq_shallowdof>
<dof_hq_nearplane_out>0 0 0 0 0 0 0 0 0 0 0 0 0</dof_hq_nearplane_out>
<dof_hq_nearplane_in>0 0 0 0 0 0 0 0 0 0 0 0 0</dof_hq_nearplane_in>
<dof_hq_farplane_out>0 0 0 0 0 0 0 0 0 0 0 0 0</dof_hq_farplane_out>
<dof_hq_farplane_in>0 0 0 0 0 0 0 0 0 0 0 0 0</dof_hq_farplane_in>
<environmental_blur_in>25 25 25 25 25 25 25 25 25 25 25 25 25</environmental_blur_in>
<environmental_blur_out>1500 1500 1500 1500 1500 1500 1500 1500 1500 1500 1500 1500 1500</environmental_blur_out>
<environmental_blur_size>0 0 0 0 0 0 0 0 0 0 0 0 0</environmental_blur_size>
<bokeh_brightness_min>4 4 4 4 4 4 4 4 4 4 4 4 4</bokeh_brightness_min>
<bokeh_brightness_max>2 2 2 2 2 2 2 2 2 2 2 2 2</bokeh_brightness_max>
<bokeh_fade_min>1.32 1.32 1.32 1.32 1.32 1.32 1.32 1.32 1.32 1.32 1.32 1.32 1.32</bokeh_fade_min>
<bokeh_fade_max>0.06 0.06 0.06 0.06 0.06 0.06 0.06 0.06 0.06 0.06 0.06 0.06 0.06</bokeh_fade_max>
<nv_light_dir_mult>1 1 1 1 1 1 1 1 1 1 1 1 1</nv_light_dir_mult>
<nv_light_amb_down_mult>1 1 1 1 1 1 1 1 1 1 1 1 1</nv_light_amb_down_mult>
<nv_light_amb_up_mult>1 1 1 1 1 1 1 1 1 1 1 1 1</nv_light_amb_up_mult>
<nv_lowLum>0.05 0.05 0.05 0.05 0.05 0.05 0.05 0.05 0.05 0.05 0.05 0.05 0.05</nv_lowLum>
<nv_highLum>0.6 0.6 0.6 0.6 0.6 0.6 0.6 0.6 0.6 0.6 0.6 0.6 0.6</nv_highLum>
<nv_topLum>0.75 0.75 0.75 0.75 0.75 0.75 0.75 0.75 0.75 0.75 0.75 0.75 0.75</nv_topLum>
<nv_scalerLum>10 10 10 10 10 10 10 10 10 10 10 10 10</nv_scalerLum>
<nv_offsetLum>0.2 0.2 0.2 0.2 0.2 0.2 0.2 0.2 0.2 0.2 0.2 0.2 0.2</nv_offsetLum>
<nv_offsetLowLum>0.18 0.18 0.18 0.18 0.18 0.18 0.18 0.18 0.18 0.18 0.18 0.18 0.18</nv_offsetLowLum>
<nv_offsetHighLum>0.2 0.2 0.2 0.2 0.2 0.2 0.2 0.2 0.2 0.2 0.2 0.2 0.2</nv_offsetHighLum>
<nv_noiseLum>0.05 0.05 0.05 0.05 0.05 0.05 0.05 0.05 0.05 0.05 0.05 0.05 0.05</nv_noiseLum>
<nv_noiseLowLum>0.05 0.05 0.05 0.05 0.05 0.05 0.05 0.05 0.05 0.05 0.05 0.05 0.05</nv_noiseLowLum>
<nv_noiseHighLum>0.3 0.3 0.3 0.3 0.3 0.3 0.3 0.3 0.3 0.3 0.3 0.3 0.3</nv_noiseHighLum>
<nv_bloomLum>0.01 0.01 0.01 0.01 0.01 0.01 0.01 0.01 0.01 0.01 0.01 0.01 0.01</nv_bloomLum>
<nv_colorLum_r>0 0 0 0 0 0 0 0 0 0 0 0 0</nv_colorLum_r>
<nv_colorLum_g>1 1 1 1 1 1 1 1 1 1 1 1 1</nv_colorLum_g>
<nv_colorLum_b>0.22 0.22 0.22 0.22 0.22 0.22 0.22 0.22 0.22 0.22 0.22 0.22 0.22</nv_colorLum_b>
<nv_colorLowLum_r>0 0 0 0 0 0 0 0 0 0 0 0 0</nv_colorLowLum_r>
<nv_colorLowLum_g>0.5 0.5 0.5 0.5 0.5 0.5 0.5 0.5 0.5 0.5 0.5 0.5 0.5</nv_colorLowLum_g>
<nv_colorLowLum_b>1 1 1 1 1 1 1 1 1 1 1 1 1</nv_colorLowLum_b>
<nv_colorHighLum_r>0.67 0.67 0.67 0.67 0.67 0.67 0.67 0.67 0.67 0.67 0.67 0.67 0.67</nv_colorHighLum_r>
<nv_colorHighLum_g>1 1 1 1 1 1 1 1 1 1 1 1 1</nv_colorHighLum_g>
<nv_colorHighLum_b>0.34 0.34 0.34 0.34 0.34 0.34 0.34 0.34 0.34 0.34 0.34 0.34 0.34</nv_colorHighLum_b>
<hh_startRange>5 100 100 5 5 5 5 5 5 5 5 5 5</hh_startRange>
<hh_farRange>500 500 500 500 500 500 500 500 500 500 500 500 500</hh_farRange>
<hh_minIntensity>0 0 0 0 0 0 0 0 0 0 0 0 0</hh_minIntensity>
<hh_maxIntensity>1.5 1 1 1.5 1.5 1.5 1.5 1.5 1.5 1.5 1.5 1.5 1.5</hh_maxIntensity>
<hh_displacementU>0 0 0 0 0 0 0 0 0 0 0 0 0</hh_displacementU>
<hh_displacementV>0 0 0 0 0 0 0 0 0 0 0 0 0</hh_displacementV>
<hh_tex1UScale>1 1 1 1 1 1 1 1 1 1 1 1 1</hh_tex1UScale>
<hh_tex1VScale>5 5 5 5 5 5 5 5 5 5 5 5 5</hh_tex1VScale>
<hh_tex1UOffset>0 0 0 0 0 0 0 0 0 0 0 0 0</hh_tex1UOffset>
<hh_tex1VOffset>0 0 0 0 0 0 0 0 0 0 0 0 0</hh_tex1VOffset>
<hh_tex2UScale>2 2 2 2 2 2 2 2 2 2 2 2 2</hh_tex2UScale>
<hh_tex2VScale>1 1 1 1 1 1 1 1 1 1 1 1 1</hh_tex2VScale>
<hh_tex2UOffset>1 1 1 1 1 1 1 1 1 1 1 1 1</hh_tex2UOffset>
<hh_tex2VOffset>1 1 1 1 1 1 1 1 1 1 1 1 1</hh_tex2VOffset>
<hh_tex1UFrequencyOffset>1 1 1 1 1 1 1 1 1 1 1 1 1</hh_tex1UFrequencyOffset>
<hh_tex1UFrequency>0.5 0.5 0.5 0.5 0.5 0.5 0.5 0.5 0.5 0.5 0.5 0.5 0.5</hh_tex1UFrequency>
<hh_tex1UAmplitude>10 10 10 10 10 10 10 10 10 10 10 10 10</hh_tex1UAmplitude>
<hh_tex1VScrollingSpeed>0.2 0.2 0.2 0.2 0.2 0.2 0.2 0.2 0.2 0.2 0.2 0.2 0.2</hh_tex1VScrollingSpeed>
<hh_tex2UFrequencyOffset>1 1 1 1 1 1 1 1 1 1 1 1 1</hh_tex2UFrequencyOffset>
<hh_tex2UFrequency>1 1 1 1 1 1 1 1 1 1 1 1 1</hh_tex2UFrequency>
<hh_tex2UAmplitude>1 1 1 1 1 1 1 1 1 1 1 1 1</hh_tex2UAmplitude>
<hh_tex2VScrollingSpeed>10 10 10 10 10 10 10 10 10 10 10 10 10</hh_tex2VScrollingSpeed>
<lens_dist_coeff>0 0 0 0 0 0 0 0 0 0 0 0 0</lens_dist_coeff>
<lens_dist_cube_coeff>0 0 0 0 0 0 0 0 0 0 0 0 0</lens_dist_cube_coeff>
<chrom_aberration_coeff>0 0 0 0 0 0 0 0 0 0 0 0 0</chrom_aberration_coeff>
<chrom_aberration_coeff2>0 0 0 0 0 0 0 0 0 0 0 0 0</chrom_aberration_coeff2>
<lens_artefacts_intensity>0.2 0.2 0.2 0.2 0.2 0.2 0.2 0.2 0.2 0.2 0.2 0.2 0.2</lens_artefacts_intensity>
<lens_artefacts_min_exp_intensity>2 2 1 1 1 1 1 1 1 1 1 2 2</lens_artefacts_min_exp_intensity>
<lens_artefacts_max_exp_intensity>0.2 0.2 0.2 0.2 0.2 0.2 0.2 0.2 0.2 0.2 0.2 0.2 0.2</lens_artefacts_max_exp_intensity>
<blur_vignetting_radius>0 0 0 0 0 0 0 0 0 0 0 0 0</blur_vignetting_radius>
<blur_vignetting_intensity>0 0 0 0 0 0 0 0 0 0 0 0 0</blur_vignetting_intensity>
<screen_blur_intensity>0 0 0 0 0 0 0 0 0 0 0 0 0</screen_blur_intensity>
<sky_zenith_transition_position>0.18 0.18 0.12 0.28 0.28 0.28 0.28 0.28 0.28 0.28 0.28 0.28 0.28</sky_zenith_transition_position>
<sky_zenith_transition_east_blend>0.85 0.85 0.91 0.7 0.37 1 1 0.73 0.39 0.47 0.73 0.73 0.73</sky_zenith_transition_east_blend>
<sky_zenith_transition_west_blend>0.73 0.73 0.74 0.7 0.44 1 1 1 0.76 0.46 0.73 0.73 0.73</sky_zenith_transition_west_blend>
<sky_zenith_blend_start>0.39 0.43 0.54 0 0 0 0 0 0 0 0 0 0</sky_zenith_blend_start>
<sky_zenith_col_r>0 0.07 0.3 0.25 0.24 0.24 0.25 0.25 0.25 0.15 0.15 0.01 0.05</sky_zenith_col_r>
<sky_zenith_col_g>0 0.16 0.4 0.28 0.32 0.32 0.28 0.28 0.28 0.28 0.28 0.05 0.08</sky_zenith_col_g>
<sky_zenith_col_b>0 0.27 0.5 0.32 0.45 0.45 0.42 0.42 0.42 0.42 0.42 0.1 0.13</sky_zenith_col_b>
<sky_zenith_col_inten>1 1 1 1 1 1 1 1 1 1 1 1 1</sky_zenith_col_inten>
<sky_zenith_transition_col_r>0 0.09 0.4 0.73 0.6 0.56 0.73 0.73 0.6 0 0.3 0.1 0</sky_zenith_transition_col_r>
<sky_zenith_transition_col_g>0 0.14 0.5 0.75 0.7 0.74 0.75 0.75 0.7 0.5 0.4 0.2 0.23</sky_zenith_transition_col_g>
<sky_zenith_transition_col_b>0 0.2 0.6 0.78 0.8 0.87 0.78 0.78 0.8 0.8 0.5 0.3 0.43</sky_zenith_transition_col_b>
<sky_zenith_transition_col_inten>1 1 1 1 1 1 1 1 1 1 1 1 1</sky_zenith_transition_col_inten>
<sky_azimuth_transition_position>0.5 0.5 0.5 0.5 0.5 0.5 0.5 0.5 0.5 0.5 0.5 0.92 0.92</sky_azimuth_transition_position>
<sky_azimuth_east_col_r>0 0.25 0.8 1 0.58 0.58 0.4 0.4 0.27 0.4 0.4 0.16 0.16</sky_azimuth_east_col_r>
<sky_azimuth_east_col_g>0 0.19 0.7 0.95 0.63 0.63 0.45 0.45 0.41 0.45 0.45 0.16 0.18</sky_azimuth_east_col_g>
<sky_azimuth_east_col_b>0 0.15 0.6 0.81 0.67 0.67 0.5 0.5 0.63 0.5 0.5 0.19 0.19</sky_azimuth_east_col_b>
<sky_azimuth_east_col_inten>1 1 1 1 1 1 1 1 1 1 1 1 1</sky_azimuth_east_col_inten>
<sky_azimuth_transition_col_r>0 0.13 0.61 0.88 0.58 0.58 0.6 0.6 0.78 0.88 0.78 0.19 0.19</sky_azimuth_transition_col_r>
<sky_azimuth_transition_col_g>0 0.19 0.61 0.94 0.63 0.63 0.65 0.65 0.84 0.94 0.84 0.21 0.21</sky_azimuth_transition_col_g>
<sky_azimuth_transition_col_b>0 0.24 0.73 0.99 0.67 0.67 0.7 0.7 0.9 0.99 0.99 0.23 0.23</sky_azimuth_transition_col_b>
<sky_azimuth_transition_col_inten>1 1 1 1 1 1 1 1 1 1 1 1 1</sky_azimuth_transition_col_inten>
<sky_azimuth_west_col_r>0 0 0.47 0.07 0.58 0.58 0.6 0.6 0.27 1 1 0.25 0.2</sky_azimuth_west_col_r>
<sky_azimuth_west_col_g>0 0.04 0.57 0.21 0.63 0.63 0.65 0.65 0.41 0.95 0.9 0.2 0.15</sky_azimuth_west_col_g>
<sky_azimuth_west_col_b>0 0.07 0.69 0.33 0.67 0.67 0.7 0.7 0.63 0.81 0.9 0.3 0.2</sky_azimuth_west_col_b>
<sky_azimuth_west_col_inten>1 1 1 1 1 1 1 1 1 1 1 1.5 1</sky_azimuth_west_col_inten>
<sky_hdr>0 1 2 29 24 26 30 25 30 25 10 1 0.2</sky_hdr>
<sky_plane_r>0.71 0.71 0.71 0.71 0.71 0.71 0.71 0.71 0.71 0.71 0.71 0.71 0.71</sky_plane_r>
<sky_plane_g>0.71 0.71 0.71 0.71 0.71 0.71 0.71 0.71 0.71 0.71 0.71 0.71 0.71</sky_plane_g>
<sky_plane_b>0.71 0.71 0.71 0.71 0.71 0.71 0.71 0.71 0.71 0.71 0.71 0.71 0.71</sky_plane_b>
<sky_plane_inten>1 1 1 1 1 1 1 1 1 1 1 1 1</sky_plane_inten>
<sky_sun_col_r>0 0.14 0.4 0.79 0.93 1 0.6 0.6 0.6 0.3 0.4 0 0</sky_sun_col_r>
<sky_sun_col_g>0 0.38 0.3 0.46 0.72 1 0.6 0.6 0.6 0.2 0.5 0 0</sky_sun_col_g>
<sky_sun_col_b>0 0.82 0.25 0.46 0.41 1 0.6 0.6 0.6 0.2 0.6 0 0</sky_sun_col_b>
<sky_sun_disc_col_r>0 1 1 1 0.96 0.96 1 1 1 1 1 0 0</sky_sun_disc_col_r>
<sky_sun_disc_col_g>0 0.39 0.75 0.75 0.84 0.84 0.84 0.84 0.73 0.34 0.34 0 0</sky_sun_disc_col_g>
<sky_sun_disc_col_b>0 0 0.67 0.42 0.76 0.76 0.74 0.6 0.47 0.11 0.11 0 0</sky_sun_disc_col_b>
<sky_sun_disc_size>1 1 2 0.01 0.01 0.01 0.01 0.01 0.01 0.01 0.01 2.5 1</sky_sun_disc_size>
<sky_sun_hdr>15 8 7 64 255 64 64 64 64 64 64 64 15</sky_sun_hdr>
<sky_sun_miephase>0.7 1 0.49 0.72 0.7 0.7 0.7 0.8 0.94 0.7 0.7 0.88 0.7</sky_sun_miephase>
<sky_sun_miescatter>1 7.13 9 1.5 1 1 1 1 1 1 1 1 1</sky_sun_miescatter>
<sky_sun_mie_intensity_mult>1 1 1 1 1 1 1 1 1 1 1 1 1</sky_sun_mie_intensity_mult>
<sky_sun_influence_radius>0 38 35 33 128 64 64 64 64 64 128 128 0</sky_sun_influence_radius>
<sky_sun_scatter_inten>0 8 64 64 7 128 128 128 128 128 48 48 0</sky_sun_scatter_inten>
<sky_moon_col_r>0 0.81 0.81 0.81 0.81 0.81 0.81 0.81 0.81 0.81 0.81 0.81 0</sky_moon_col_r>
<sky_moon_col_g>0.01 0.89 0.89 0.89 0.89 0.89 0.89 0.89 0.89 0.89 0.89 0.89 0.01</sky_moon_col_g>
<sky_moon_col_b>0.03 0.99 0.99 0.99 0.99 0.99 0.99 0.99 0.99 0.99 0.99 0.99 0.03</sky_moon_col_b>
<sky_moon_disc_size>2 2 2 2 2 2 2 2 2 2 2 2 2</sky_moon_disc_size>
<sky_moon_iten>0.2 0.2 1 0.5 0 0 0 0 0 0 0 0.2 0.1</sky_moon_iten>
<sky_stars_iten>0.1 0.1 0.1 0.1 0 0 0 0 0 0.1 0.1 0.1 0.1</sky_stars_iten>
<sky_moon_influence_radius>112.88 32 32 11 11 11 11 11 11 11 11 11 112.88</sky_moon_influence_radius>
<sky_moon_scatter_inten>7.8 0.5 0.5 1 1 1 1 1 1 1 1 1 7.8</sky_moon_scatter_inten>
<sky_cloud_gen_frequency>2 2 2 2 2 2 2 2 2 2 2 2 2</sky_cloud_gen_frequency>
<sky_cloud_gen_scale>48 48 64 48 48 48 48 48 48 48 48 48 48</sky_cloud_gen_scale>
<sky_cloud_gen_threshold>0.1 0.9 0.9 0.4 0.6 0.3 0.5 0.5 0.4 0.4 0.5 1 0.1</sky_cloud_gen_threshold>
<sky_cloud_gen_softness>0.5 0.8 0.8 0.6 0.3 0.8 0.6 0.6 1 1 0.6 0.5 0.5</sky_cloud_gen_softness>
<sky_cloud_density_mult>4 2 2 3 4 3 4 3 3 3 4 4 4</sky_cloud_density_mult>
<sky_cloud_density_bias>0.83 0 0.66 0.83 0.83 0.83 0.83 0.83 0.83 0.9 0.8 0.83 0.83</sky_cloud_density_bias>
<sky_cloud_mid_col_r>0.06 0 0.34 0.76 0.84 0.8 1 1 1.2 1.1 0.76 0.26 0.2</sky_cloud_mid_col_r>
<sky_cloud_mid_col_g>0.09 0 0.42 0.76 0.84 0.85 1 1 1.3 1.2 0.76 0.43 0.24</sky_cloud_mid_col_g>
<sky_cloud_mid_col_b>0.14 0 0.55 0.76 0.84 0.9 1 1 1.4 1.3 0.8 0.59 0.29</sky_cloud_mid_col_b>
<sky_cloud_base_col_r>0.01 0 0.17 0.19 0.39 0.39 0.39 0.39 0.19 0.19 0.19 0.05 0.1</sky_cloud_base_col_r>
<sky_cloud_base_col_g>0.06 0 0.21 0.37 0.64 0.64 0.64 0.64 0.37 0.37 0.37 0.18 0.15</sky_cloud_base_col_g>
<sky_cloud_base_col_b>0.18 0 0.29 0.43 0.73 0.73 0.73 0.73 0.43 0.43 0.43 0.3 0.29</sky_cloud_base_col_b>
<sky_cloud_base_strength>1 1 1 1 1 1 1 1 1 1 1 1 1</sky_cloud_base_strength>
<sky_cloud_shadow_col_r>0 0 0.24 0.32 0.44 0.44 0.44 0.44 0.32 0.32 0.32 0.04 0.08</sky_cloud_shadow_col_r>
<sky_cloud_shadow_col_g>0.03 0 0.24 0.36 0.49 0.49 0.49 0.49 0.36 0.36 0.36 0.05 0.12</sky_cloud_shadow_col_g>
<sky_cloud_shadow_col_b>0.09 0 0.24 0.4 0.53 0.53 0.53 0.53 0.4 0.4 0.4 0.21 0.21</sky_cloud_shadow_col_b>
<sky_cloud_shadow_strength>1 1 0.38 1 1 1 1 1 1 1 1 0.69 1</sky_cloud_shadow_strength>
<sky_cloud_gen_density_offset>0 0 1 0 0 0 0 0 0 0 0 1 0</sky_cloud_gen_density_offset>
<sky_cloud_offset>0.03 0.05 0 0.1 0.1 0.1 0.1 0.1 0.1 0.1 0.1 0.1 0.03</sky_cloud_offset>
<sky_cloud_overall_strength>0.4 0.23 0.11 0.23 0.23 0.23 0.23 0.23 0.23 0.23 0.23 0.17 0.4</sky_cloud_overall_strength>
<sky_cloud_overall_color>0.14 0.6 0.6 0.6 0.6 0.6 0.6 0.6 0.6 0.6 0.6 0.84 0.14</sky_cloud_overall_color>
<sky_cloud_edge_strength>0.5 0.5 0.5 0.5 0.5 0.5 0.5 0.5 0.5 0.5 0.5 0.5 0.5</sky_cloud_edge_strength>
<sky_cloud_fadeout>0 0.53 0.17 0.52 0.52 0.52 0.52 0.52 0.52 0.52 0.52 1 0</sky_cloud_fadeout>
<sky_cloud_hdr>0.05 1 5 20 25 30 20 20 16 20 10 0.3 0.1</sky_cloud_hdr>
<sky_cloud_dither_strength>150 150 150 150 150 150 150 150 150 150 150 150 150</sky_cloud_dither_strength>
<sky_small_cloud_col_r>0 0.08 0 0.35 1 0 0 0 0.35 0.35 1 1 0</sky_small_cloud_col_r>
<sky_small_cloud_col_g>0 0.09 0.02 0.35 0.98 0 0 0 0.35 0.35 0.98 0.98 0</sky_small_cloud_col_g>
<sky_small_cloud_col_b>0 0.17 0.13 0.35 0.97 0 0 0 0.35 0.35 0.97 0.97 0</sky_small_cloud_col_b>
<sky_small_cloud_detail_strength>0 0.55 0.45 1 0.34 0.34 0.34 0.34 1 1 1 0.34 0</sky_small_cloud_detail_strength>
<sky_small_cloud_detail_scale>3.84 3.84 3.84 3.84 3.84 3.84 3.84 3.84 3.84 3.84 3.84 3.84 3.84</sky_small_cloud_detail_scale>
<sky_small_cloud_density_mult>0.77 0.77 0.54 0.77 0.77 0.77 0.77 0.77 0.77 0.77 0.77 0.77 0.77</sky_small_cloud_density_mult>
<sky_small_cloud_density_bias>0 0 0 0 0 0 0 0 0 0 0 0 0</sky_small_cloud_density_bias>
<cloud_shadow_density>0 0 0 0 1 1 1 1 1 1 0 0 0</cloud_shadow_density>
<cloud_shadow_softness>0.1 0.1 0.1 0.1 0.3 0.3 0.3 0.3 0.3 0.3 0.1 0.1 0.1</cloud_shadow_softness>
<cloud_shadow_opacity>0 0 0 0 1 1 1 1 1 1 0 0 0</cloud_shadow_opacity>
<dir_shadow_num_cascades>4 4 4 4 4 4 4 4 4 4 4 4 4</dir_shadow_num_cascades>
<dir_shadow_distance_multiplier>1 1 1 1 1 1 1 1 1 1 1 1 1</dir_shadow_distance_multiplier>
<dir_shadow_softness>1 1 1 1 1 1 1 1 1 1 1 1 1</dir_shadow_softness>
<dir_shadow_cascade0_scale>3 3 3 3 3 3 3 3 3 3 3 3 3</dir_shadow_cascade0_scale>
<sprite_brightness>1 1 1 1 1 1 1 1 1 1 1 1 1</sprite_brightness>
<sprite_size>1 1 1 2 2 2 2 2 2 2 1 1 1</sprite_size>
<sprite_corona_screenspace_expansion>0 0 0 0 0 0 0 0 0 0 0 0 0</sprite_corona_screenspace_expansion>
<Lensflare_visibility>0 0 0 0.6 0.9 1 0.9 0.8 0.5 0.5 0 0 0</Lensflare_visibility>
<sprite_distant_light_twinkle>1 1 1 1 1 1 1 1 1 1 1 1 1</sprite_distant_light_twinkle>
<water_reflection>0.25 0.25 0.25 0.25 0.25 0.25 0.25 0.25 0.25 0.25 0.25 0.25 0.25</water_reflection>
<water_reflection_far_clip>8000 8000 8000 8000 8000 8000 8000 8000 8000 8000 8000 8000 8000</water_reflection_far_clip>
<water_reflection_lod>0 0 0 0 0 0 0 0 0 0 0 0 0</water_reflection_lod>
<water_reflection_sky_flod_range>0 0 0 0 0 0 0 0 0 0 0 0 0</water_reflection_sky_flod_range>
<water_reflection_lod_range_enabled>1 1 1 1 1 1 1 1 1 1 1 1 1</water_reflection_lod_range_enabled>
<water_reflection_lod_range_hd_start>-1 -1 -1 -1 -1 -1 -1 -1 -1 -1 -1 -1 -1</water_reflection_lod_range_hd_start>
<water_reflection_lod_range_hd_end>-1 -1 -1 -1 -1 -1 -1 -1 -1 -1 -1 -1 -1</water_reflection_lod_range_hd_end>
<water_reflection_lod_range_orphanhd_start>0 0 0 0 0 0 0 0 0 0 0 0 0</water_reflection_lod_range_orphanhd_start>
<water_reflection_lod_range_orphanhd_end>30 30 30 30 30 30 30 30 30 30 30 30 30</water_reflection_lod_range_orphanhd_end>
<water_reflection_lod_range_lod_start>0 0 0 0 0 0 0 0 0 0 0 0 0</water_reflection_lod_range_lod_start>
<water_reflection_lod_range_lod_end>30 30 30 30 30 30 30 30 30 30 30 30 30</water_reflection_lod_range_lod_end>
<water_reflection_lod_range_slod1_start>-1 -1 -1 -1 -1 -1 -1 -1 -1 -1 -1 -1 -1</water_reflection_lod_range_slod1_start>
<water_reflection_lod_range_slod1_end>-1 -1 -1 -1 -1 -1 -1 -1 -1 -1 -1 -1 -1</water_reflection_lod_range_slod1_end>
<water_reflection_lod_range_slod2_start>30 30 30 30 30 30 30 30 30 30 30 30 30</water_reflection_lod_range_slod2_start>
<water_reflection_lod_range_slod2_end>100 100 100 100 100 100 100 100 100 100 100 100 100</water_reflection_lod_range_slod2_end>
<water_reflection_lod_range_slod3_start>100 100 100 100 100 100 100 100 100 100 100 100 100</water_reflection_lod_range_slod3_start>
<water_reflection_lod_range_slod3_end>10000 10000 10000 10000 10000 10000 10000 10000 10000 10000 10000 10000 10000</water_reflection_lod_range_slod3_end>
<water_reflection_lod_range_slod4_start>-1 -1 -1 -1 -1 -1 -1 -1 -1 -1 -1 -1 -1</water_reflection_lod_range_slod4_start>
<water_reflection_lod_range_slod4_end>-1 -1 -1 -1 -1 -1 -1 -1 -1 -1 -1 -1 -1</water_reflection_lod_range_slod4_end>
<water_reflection_height_offset>0 0 0 0 0 0 0 0 0 0 0 0 0</water_reflection_height_offset>
<water_reflection_height_override>0 0 0 0 0 0 0 0 0 0 0 0 0</water_reflection_height_override>
<water_reflection_height_override_amount>0 0 0 0 0 0 0 0 0 0 0 0 0</water_reflection_height_override_amount>
<water_reflection_distant_light_intensity>1 1 1 1 1 1 1 1 1 1 1 1 1</water_reflection_distant_light_intensity>
<water_reflection_corona_intensity>1.2 1.2 1.1 1 1 1 1 1 1 1 1.1 1.2 1.2</water_reflection_corona_intensity>
<water_foglight>0.5 0.5 0.5 1 1 0.75 0.75 0.65 0.75 0.75 0.5 0.5 0.5</water_foglight>
<water_interior>0 0 0 0 0 0 0 0 0 0 0 0 0</water_interior>
<water_fogstreaming>1 1 1 1 1 1 1 1 1 1 1 1 1</water_fogstreaming>
<water_foam_intensity_mult>1 1 1 1 1 1 1 1 1 1 1 1 1</water_foam_intensity_mult>
<water_drying_speed_mult>0.1 0.1 0.1 0.2 0.2 0.2 0.2 0.2 0.2 0.2 0.1 0.1 0.1</water_drying_speed_mult>
<water_specular_intensity>5 4 11 17 11 9 9 9 17 30 15 4 4</water_specular_intensity>
<mirror_reflection_local_light_intensity>1 1 1 1 1 1 1 1 1 1 1 1 1</mirror_reflection_local_light_intensity>
<fog_start>0 99 99 500 600 700 700 700 600 500 99 99 0</fog_start>
<fog_near_col_r>0 0.02 0.05 0.15 0.14 0.24 0.46 0.46 0.3 0.61 0.37 0.03 0</fog_near_col_r>
<fog_near_col_g>0 0.03 0.09 0.17 0.17 0.3 0.66 0.66 0.5 0.56 0.4 0.07 0</fog_near_col_g>
<fog_near_col_b>0 0.06 0.17 0.2 0.22 0.33 0.86 0.86 0.7 0.45 0.47 0.15 0</fog_near_col_b>
<fog_near_col_a>1 1 1 1 1 1 1 1 1 1 1 1 1</fog_near_col_a>
<fog_col_r>0 0.05 1 0.9 1 1 1 1 1 0.6 0.9 0.07 0</fog_col_r>
<fog_col_g>0 0.1 0.6 0.75 1 1 1 1 1 0.5 0.75 0.03 0</fog_col_g>
<fog_col_b>0 0.23 0.47 0.55 1 1 1 1 1 0.4 0.55 0.12 0</fog_col_b>
<fog_col_a>1 1 1 1 1 1 1 1 1 1 1 1 1</fog_col_a>
<fog_sun_lighting_calc_pow>8 8 8 8 8 8 8 8 8 8 8 8 8</fog_sun_lighting_calc_pow>
<fog_moon_col_r>0 0.02 0.31 0.33 0.73 0.58 0.57 0.59 0.65 0.32 0.09 0.22 0</fog_moon_col_r>
<fog_moon_col_g>0 0.02 0.3 0.36 0.78 0.63 0.61 0.64 0.69 0.35 0.15 0.27 0</fog_moon_col_g>
<fog_moon_col_b>0.01 0.09 0.38 0.41 0.96 0.7 0.67 0.74 0.76 0.39 0.25 0.37 0.01</fog_moon_col_b>
<fog_moon_col_a>1 1 1 1 1 1 1 1 1 1 1 1 1</fog_moon_col_a>
<fog_moon_lighting_calc_pow>18 18 18 18 18 18 18 18 18 18 18 18 18</fog_moon_lighting_calc_pow>
<fog_east_col_r>0 0.02 0.23 0.33 0.49 0.49 0.49 0.49 0.49 0.29 0.06 0.14 0</fog_east_col_r>
<fog_east_col_g>0 0.03 0.22 0.36 0.52 0.52 0.52 0.52 0.52 0.31 0.11 0.18 0</fog_east_col_g>
<fog_east_col_b>0 0.06 0.29 0.41 0.58 0.58 0.58 0.58 0.58 0.34 0.2 0.25 0</fog_east_col_b>
<fog_east_col_a>1 1 1 1 1 1 1 1 1 1 1 1 1</fog_east_col_a>
<fog_density>4 4 4 4 4 4 4 4 4 4 4 4 4</fog_density>
<fog_falloff>5 7 5 10 7 5 5 7 7 7 7 7 5</fog_falloff>
<fog_base_height>0 0 0 0 0 0 0 0 0 0 0 0 0</fog_base_height>
<fog_alpha>1 1 1 1 1 1 1 1 1 1 1 1 1</fog_alpha>
<fog_horizon_tint_scale>5.1 7.69 6.88 2.5 2.5 2.5 2.5 2.5 2.5 2.5 1.1 2.5 5.1</fog_horizon_tint_scale>
<fog_hdr>0.2 1 3 12 15 16 10 10 10 5 2 0.1 0.2</fog_hdr>
<fog_haze_col_r>0 0 0.02 0.28 0.17 0.02 0.03 0.01 0 0 0.12 0 0</fog_haze_col_r>
<fog_haze_col_g>0 0.01 0.04 0.31 0.31 0.03 0.07 0.03 0.06 0.01 0.12 0 0</fog_haze_col_g>
<fog_haze_col_b>0.01 0.02 0.1 0.35 0.53 0.05 0.14 0.1 0.24 0.06 0.25 0.01 0.01</fog_haze_col_b>
<fog_haze_density>6 4 4 4 4 4 4 4 4 4 4 4 6</fog_haze_density>
<fog_haze_alpha>1 1 1 1 1 1 1 1 1 1 1 1 1</fog_haze_alpha>
<fog_haze_hdr>0 1 1 6 5 16 10 3 3 3 1 0.2 0</fog_haze_hdr>
<fog_haze_start>0 0 0 0 0 0 0 0 0 0 0 0 0</fog_haze_start>
<fog_shape_bottom>0 0 0 0 0 0 0 0 0 0 0 0 0</fog_shape_bottom>
<fog_shape_top>0 0 0 0 0 0 0 0 0 0 0 0 0</fog_shape_top>
<fog_shape_log_10_of_visibility>5 5 5 5 5 5 5 5 5 5 5 5 5</fog_shape_log_10_of_visibility>
<fog_shape_weight_0>1 1 1 1 1 1 1 1 1 1 1 1 1</fog_shape_weight_0>
<fog_shape_weight_1>0 0 0 0 0 0 0 0 0 0 0 0 0</fog_shape_weight_1>
<fog_shape_weight_2>0 0 0 0 0 0 0 0 0 0 0 0 0</fog_shape_weight_2>
<fog_shape_weight_3>0 0 0 0 0 0 0 0 0 0 0 0 0</fog_shape_weight_3>
<fog_shadow_amount>0 0 0 0 0 0 0 0 0 0 0 0 0</fog_shadow_amount>
<fog_shadow_falloff>1 1 1 1 1 1 1 1 1 1 200 1 1</fog_shadow_falloff>
<fog_shadow_base_height>0 0 0 0 0 0 0 0 0 0 0 0 0</fog_shadow_base_height>
<fog_volume_light_range>250 250 250 250 250 250 250 250 250 250 250 250 250</fog_volume_light_range>
<fog_volume_light_fade>250 250 250 250 250 250 250 250 250 250 250 250 250</fog_volume_light_fade>
<fog_volume_light_intensity>0.004 0.004 0.004 0.004 0.004 0.004 0.004 0.004 0.004 0.004 0.004 0.004 0.004</fog_volume_light_intensity>
<fog_volume_light_size>0.2 0.2 0.1 0.1 0.1 0.1 0.1 0.1 0.1 0.1 0.1 0.2 0.2</fog_volume_light_size>
<fogray_contrast>1 1 1 1 1 1 1 1 1 1 1 1 1</fogray_contrast>
<fogray_intensity>0 0 1 0.9 0.95 0.95 0.95 0.95 0.95 0.9 0 0 0</fogray_intensity>
<fogray_density>1 1 1 1 1 1 1 1 1 1 1 1 1</fogray_density>
<fogray_nearfade>10 10 10 10 10 10 10 10 10 10 10 10 10</fogray_nearfade>
<fogray_farfade>200 200 200 200 200 200 200 200 200 200 200 200 200</fogray_farfade>
<reflection_lod_range_start>0 0 0 0 0 0 0 0 0 0 0 0 0</reflection_lod_range_start>
<reflection_lod_range_end>50 50 50 50 50 50 50 50 50 50 50 50 50</reflection_lod_range_end>
<reflection_slod_range_start>150 150 150 150 150 150 150 150 150 150 150 150 150</reflection_slod_range_start>
<reflection_slod_range_end>1000 1000 1000 1000 1000 1000 1000 1000 1000 1000 1000 1000 1000</reflection_slod_range_end>
<reflection_interior_range>20 20 20 20 20 20 20 20 20 20 20 20 20</reflection_interior_range>
<reflection_tweak_interior_amb>2 2 2 2 2 2 2 2 2 2 2 2 2</reflection_tweak_interior_amb>
<reflection_tweak_exterior_amb>2 2 2 2 2 2 2 2 2 2 2 2 2</reflection_tweak_exterior_amb>
<reflection_tweak_emissive>3 3 3 3 3 3 3 3 3 3 3 3 3</reflection_tweak_emissive>
<reflection_tweak_directional>1 0.7 0.5 0.5 0.5 0.5 0.5 0.5 0.5 0.5 0.5 0.7 1</reflection_tweak_directional>
<reflection_hdr_mult>3 1.4 1 1 1 1 1 1 1 1 1 1.5 2</reflection_hdr_mult>
<far_clip>10000 10000 10000 10000 10000 10000 10000 10000 10000 10000 10000 10000 10000</far_clip>
<temperature>12 12 12 13 15 20 25 23 20 15 13 13 12</temperature>
<particle_emissive_intensity_mult>1 1 1 1 1 1 1 1 1 1 1 1 1</particle_emissive_intensity_mult>
<vfxlightning_intensity_mult>1 1 1 1 1 1 1 1 1 1 1 1 1</vfxlightning_intensity_mult>
<vfxlightning_visibility>0 0 0 0 0 0 0 0 0 0 0 0 0</vfxlightning_visibility>
<particle_light_intensity_mult>3 3 1 1 1 1 1 1 1 1 1 3 3</particle_light_intensity_mult>
<natural_ambient_multiplier>1 1 1 1 1 1 1 1 1 1 1 1 1</natural_ambient_multiplier>
<artificial_int_ambient_multiplier>0 0 0 0 0 0 0 0 0 0 0 0 0</artificial_int_ambient_multiplier>
<fog_cut_off>1 1 1 1 1 1 1 1 1 1 1 1 1</fog_cut_off>
<no_weather_fx>0 0 0 0 0 0 0 0 0 0 0 0 0</no_weather_fx>
<no_gpu_fx>0 0 0 0 0 0 0 0 0 0 0 0 0</no_gpu_fx>
<no_rain>0 0 0 0 0 0 0 0 0 0 0 0 0</no_rain>
<no_rain_ripples>0 0 0 0 0 0 0 0 0 0 0 0 0</no_rain_ripples>
<fogvolume_density_scalar>0.5 0.5 0.2 0 0 0 0 0 0 0 0.2 0.5 0.5</fogvolume_density_scalar>
<fogvolume_density_scalar_interior>1 1 1 1 1 1 1 1 1 1 1 1 1</fogvolume_density_scalar_interior>
<fogvolume_fog_scaler>0.95 0.98 0.98 0.98 0.98 0.98 0.98 0.98 0.98 0.98 0.98 0.98 0.95</fogvolume_fog_scaler>
<time_offset>0 0 0 0 0 0 0 0 0 0 0 0 0</time_offset>
<vehicle_dirt_mod>1 1 1 1 1 1 1 1 1 1 1 1 1</vehicle_dirt_mod>
<wind_speed_mult>1 1 1 1 1 1 1 1 1 1 1 1 1</wind_speed_mult>
<entity_reject>10000 10000 10000 10000 10000 10000 10000 10000 10000 10000 10000 10000 10000</entity_reject>
<lod_mult>1 1 1 1 1 1 1 1 1 1 1 1 1</lod_mult>
<enable_occlusion>1 1 1 1 1 1 1 1 1 1 1 1 1</enable_occlusion>
<enable_shadow_occlusion>1 1 1 1 1 1 1 1 1 1 1 1 1</enable_shadow_occlusion>
<render_exterior>1 1 1 1 1 1 1 1 1 1 1 1 1</render_exterior>
<portal_weight>1 1 1 1 1 1 1 1 1 1 1 1 1</portal_weight>
<light_falloff_mult>1 1 1 1 1 1 1 1 1 1 1 1 1</light_falloff_mult>
<lodlight_range_mult>1 1 1 1 1 1 1 1 1 1 1 1 1</lodlight_range_mult>
<shadow_distance_mult>1 1 1 1 1 1 1 1 1 1 1 1 1</shadow_distance_mult>
<lod_mult_hd>1 1 1 1 1 1 1 1 1 1 1 1 1</lod_mult_hd>
<lod_mult_orphanhd>1 1 1 1 1 1 1 1 1 1 1 1 1</lod_mult_orphanhd>
<lod_mult_lod>1 1 1 1 1 1 1 1 1 1 1 1 1</lod_mult_lod>
<lod_mult_slod1>1 1 1 1 1 1 1 1 1 1 1 1 1</lod_mult_slod1>
<lod_mult_slod2>1 1 1 1 1 1 1 1 1 1 1 1 1</lod_mult_slod2>
<lod_mult_slod3>1 1 1 1 1 1 1 1 1 1 1 1 1</lod_mult_slod3>
<lod_mult_slod4>1 1 1 1 1 1 1 1 1 1 1 1 1</lod_mult_slod4>
</region>
<region name="URBAN">
<light_dir_col_r>0.1 1 1 1 1 1 1 1 1 1 1 1 0.1</light_dir_col_r>
<light_dir_col_g>0.1 1 1 1 1 1 1 1 1 1 1 1 0.1</light_dir_col_g>
<light_dir_col_b>0.1 1 1 1 1 1 1 1 1 1 1 1 0.1</light_dir_col_b>
<light_dir_mult>0.01 0.06 0.3 5 20 20 50 20 20 20 2 0.05 0.02</light_dir_mult>
<light_directional_amb_col_r>0.34 0.1 0.3 0.6 0.7 0.7 0.7 0.7 0.7 0.7 0.7 0.4 0.3</light_directional_amb_col_r>
<light_directional_amb_col_g>0.51 0.2 0.45 0.8 0.7 0.7 0.7 0.7 0.7 0.7 0.7 0.7 0.5</light_directional_amb_col_g>
<light_directional_amb_col_b>0.89 1 0.7 1 0.7 0.7 0.7 0.7 0.7 0.7 0.7 1 0.9</light_directional_amb_col_b>
<light_directional_amb_intensity>0.02 0.02 1 1 2 2 2 2 2 1 1 0.04 0.03</light_directional_amb_intensity>
<light_directional_amb_intensity_mult>1 1 1 1 1 1 1 1 1 1 1 1 1</light_directional_amb_intensity_mult>
<light_directional_amb_bounce_enabled>0 0 0 0 1 0 0 0 0 0 0 0 0</light_directional_amb_bounce_enabled>
<light_amb_down_wrap>2 2 2 2 2 2 2 2 2 2 2 2 2</light_amb_down_wrap>
<light_natural_amb_down_col_r>0.05 0.4 0.5 0.6 0.6 0.6 0.6 0.6 0.6 0.6 0.6 0.4 0.24</light_natural_amb_down_col_r>
<light_natural_amb_down_col_g>0.39 0.6 0.8 0.8 0.75 0.75 0.75 0.75 0.75 0.8 0.8 0.5 0.56</light_natural_amb_down_col_g>
<light_natural_amb_down_col_b>1 1 1 1 1 1 1 1 1 1 1 1 1</light_natural_amb_down_col_b>
<light_natural_amb_down_intensity>0 0.1 1 6 10 11 9 8 7 7 5 0.1 0.01</light_natural_amb_down_intensity>
<light_natural_amb_up_col_r>0.23 0.24 0.3 1 0.71 1 1 1 0.75 0.75 0.26 0.19 0.53</light_natural_amb_up_col_r>
<light_natural_amb_up_col_g>0.4 0.51 0.46 0.92 0.8 0.97 0.97 0.97 0.97 0.4 0.4 0.37 0.7</light_natural_amb_up_col_g>
<light_natural_amb_up_col_b>0.7 0.96 0.63 0.73 0.85 0.89 0.89 0.89 0.89 0.77 0.77 0.72 1</light_natural_amb_up_col_b>
<light_natural_amb_up_intensity>0 0 0 0 0 0 0 0 0 0 0 0 0</light_natural_amb_up_intensity>
<light_natural_amb_up_intensity_mult>1 1 1 1 1 1 1 1 1 1 1 1 1</light_natural_amb_up_intensity_mult>
<light_natural_push>0 0 0 0 0 0 0 0 0 0 0 0 0</light_natural_push>
<light_ambient_bake_ramp>0.3 0.3 1 1 2 2 2 2 2 1 1 0.3 0.3</light_ambient_bake_ramp>
<light_artificial_int_down_col_r>1 1 1 1 1 1 1 1 1 1 1 1 1</light_artificial_int_down_col_r>
<light_artificial_int_down_col_g>1 1 1 1 1 1 1 1 1 1 1 1 1</light_artificial_int_down_col_g>
<light_artificial_int_down_col_b>1 1 1 1 1 1 1 1 1 1 1 1 1</light_artificial_int_down_col_b>
<light_artificial_int_down_intensity>0.5 0.5 0.5 0.5 0.5 0.5 0.5 0.5 0.5 0.5 0.5 0.5 0.5</light_artificial_int_down_intensity>
<light_artificial_int_up_col_r>1 1 1 1 1 1 1 1 1 1 1 1 1</light_artificial_int_up_col_r>
<light_artificial_int_up_col_g>1 1 1 1 1 1 1 1 1 1 1 1 1</light_artificial_int_up_col_g>
<light_artificial_int_up_col_b>1 1 1 1 1 1 1 1 1 1 1 1 1</light_artificial_int_up_col_b>
<light_artificial_int_up_intensity>0.5 0.5 0.5 0.5 0.5 0.5 0.5 0.5 0.5 0.5 0.5 0.5 0.5</light_artificial_int_up_intensity>
<light_artificial_ext_down_col_r>1 1 0 0 0 0 0 0 0 0 1 1 1</light_artificial_ext_down_col_r>
<light_artificial_ext_down_col_g>0.34 0.34 0 0 0 0 0 0 0 0 0.34 0.34 0.34</light_artificial_ext_down_col_g>
<light_artificial_ext_down_col_b>0.11 0.11 0 0 0 0 0 0 0 0 0.11 0.11 0.11</light_artificial_ext_down_col_b>
<light_artificial_ext_down_intensity>0.15 0.09 0 0 0 0 0 0 0 0 0.13 0.14 0.14</light_artificial_ext_down_intensity>
<light_artificial_ext_up_col_r>1 1 0 0 0 0 0 0 0 0 1 1 1</light_artificial_ext_up_col_r>
<light_artificial_ext_up_col_g>0.47 0.47 0 0 0 0 0 0 0 0 0.31 0.47 0.47</light_artificial_ext_up_col_g>
<light_artificial_ext_up_col_b>0.13 0.13 0 0 0 0 0 0 0 0 0.11 0.13 0.13</light_artificial_ext_up_col_b>
<light_artificial_ext_up_intensity>0.11 0.02 0 0 0 0 0 0 0 0 0.11 0.11 0.11</light_artificial_ext_up_intensity>
<ped_light_col_r>1 1 1 1 1 0.5 0.5 0.5 1 1 1 1 1</ped_light_col_r>
<ped_light_col_g>1 1 1 1 1 0.7 0.7 0.7 1 1 1 1 1</ped_light_col_g>
<ped_light_col_b>1 1 1 1 1 1 1 1 1 1 1 1 1</ped_light_col_b>
<ped_light_mult>0.1 0.1 0.2 0.2 0.2 0.2 0.2 0.2 0.2 0.2 0.2 0.1 0.1</ped_light_mult>
<light_amb_occ_mult>1 1 1 1 1 1 1 1 1 1 1 1 1</light_amb_occ_mult>
<light_amb_occ_mult_ped>0.6 0.5 0.4 0.35 0.35 0.35 0.35 0.35 0.35 0.35 0.4 0.5 0.6</light_amb_occ_mult_ped>
<light_amb_occ_mult_veh>3 3 2 2 2 2 2 2 2 2 2 3 3</light_amb_occ_mult_veh>
<light_amb_occ_mult_prop>1 1 1 1 1 1 1 1 1 1 1 1 1</light_amb_occ_mult_prop>
<light_amb_volumes_in_diffuse>1 1 0 0 0 0 0 0 0 0 0 1 1</light_amb_volumes_in_diffuse>
<ssao_inten>4.1 4.1 4.1 4.1 4.1 4.1 4.1 4.1 4.1 4.1 4.1 4.1 4.1</ssao_inten>
<ssao_type>0 0 0 0 0 0 0 0 0 0 0 0 0</ssao_type>
<ssao_cp_strength>0.5 0.5 0.5 0.5 0.5 0.5 0.5 0.5 0.5 0.5 0.5 0.5 0.5</ssao_cp_strength>
<ssao_qs_strength>1 1 1 1 1 1 1 1 1 1 1 1 1</ssao_qs_strength>
<light_ped_rim_mult>0.9 0.9 0.9 0.9 0.9 0.9 0.9 0.9 0.9 0.9 0.9 0.9 0.9</light_ped_rim_mult>
<light_dynamic_bake_tweak>0 0 0 0 0 0 0 0 0 0 0 0 0</light_dynamic_bake_tweak>
<light_vehicle_second_spec_override>1 0.9 0.5 0 0 0 0 0 0 0 0.9 0.9 1</light_vehicle_second_spec_override>
<light_vehicle_intenity_scale>1 1 1 1 1 1 1 1 1 1 1 1 1</light_vehicle_intenity_scale>
<light_direction_override>0 0 0 0 0.51 0 0 0 0 0 0 0 0</light_direction_override>
<light_direction_override_overrides_sun>1 1 1 1 1 1 1 1 1 1 1 1 1</light_direction_override_overrides_sun>
<sun_direction_x>0 0 0 0 0.86 0 0 0 0 0 0 0 0</sun_direction_x>
<sun_direction_y>-1 -1 -1 -1 -0.56 -1 -1 -1 -1 -1 -1 -1 -1</sun_direction_y>
<sun_direction_z>0 0 0 0 0.94 0 0 0 0 0 0 0 0</sun_direction_z>
<moon_direction_x>0 0 0 0 0 0 0 0 0 0 0 0 0</moon_direction_x>
<moon_direction_y>-1 -1 -1 -1 -1 -1 -1 -1 -1 -1 -1 -1 -1</moon_direction_y>
<moon_direction_z>0 0 0 0 0 0 0 0 0 0 0 0 0</moon_direction_z>
<light_ray_col_r>0 1 1 1 1 1 1 1 1 1 1 0.3 0</light_ray_col_r>
<light_ray_col_g>0 0.82 0.7 0.9 0.9 0.9 0.9 0.9 0.9 0.9 0.9 0.2 0</light_ray_col_g>
<light_ray_col_b>0 0.65 0.6 0.8 0.8 0.8 0.8 0.8 0.8 0.8 0.8 0.4 0</light_ray_col_b>
<light_ray_mult>0 0 3 8 9 4 4 4 4 5 5 2 0</light_ray_mult>
<light_ray_underwater_mult>0 0 1 2 5 6 6 5 3 1 1 0 0</light_ray_underwater_mult>
<light_ray_dist>60 60 30 30 30 30 30 30 30 30 30 30 60</light_ray_dist>
<light_ray_heightfalloff>1 1 1 1 1 1 1 1 1 1 1 1 1</light_ray_heightfalloff>
<light_ray_height_falloff_start>500 500 500 500 500 500 500 500 500 500 500 500 500</light_ray_height_falloff_start>
<light_ray_add_reducer>4 4 1 8 1 4 4 4 4 4 4 4 4</light_ray_add_reducer>
<light_ray_blit_size>10 10 10 10 10 10 10 10 10 10 10 10 10</light_ray_blit_size>
<light_ray_length>8.5 8.5 15 10 10 10 10 10 10 10 10 10 8.5</light_ray_length>
<postfx_exposure>0 0 0 0 0 0 0 0 0 0 0 0 0</postfx_exposure>
<postfx_exposure_min>-3.5 -3.5 0 0 0 0 0 0 0 0 0 -3.5 -3.5</postfx_exposure_min>
<postfx_exposure_max>5 5 -3 -3 -3 -3 -3 -3 -3 -3 -3 5 5</postfx_exposure_max>
<postfx_bright_pass_thresh_width>0.25 0.2 0.4 0.8 1.1 1.5 1.3 1.2 0.7 0.6 0.5 0.2 0.25</postfx_bright_pass_thresh_width>
<postfx_bright_pass_thresh>0.05 0.25 0.3 0.9 1.2 1.8 1.4 1 0.8 0.8 0.7 0.2 0.05</postfx_bright_pass_thresh>
<postfx_intensity_bloom>0.4 0.4 0.2 0.02 0.05 0.05 0.05 0.05 0.02 0.02 0.1 0.2 0.4</postfx_intensity_bloom>
<postfx_correct_col_r>1 1 1 1 1 1 1 1 1 1 1 1 1</postfx_correct_col_r>
<postfx_correct_col_g>1 1 1 1 1 1 1 1 1 1 1 1 1</postfx_correct_col_g>
<postfx_correct_col_b>1 1 1 1 1 1 1 1 1 1 1 1 1</postfx_correct_col_b>
<postfx_correct_cutoff>0 0 0 0 0 0 0 0 0 0 0 0 0</postfx_correct_cutoff>
<postfx_shift_col_r>1 1 1 1 1 1 1 1 1 1 1 1 1</postfx_shift_col_r>
<postfx_shift_col_g>1 1 1 1 1 1 1 1 1 1 1 1 1</postfx_shift_col_g>
<postfx_shift_col_b>1 1 1 1 1 1 1 1 1 1 1 1 1</postfx_shift_col_b>
<postfx_shift_cutoff>0.05 0.08 0.1 0.15 0.35 0.5 0.44 0.3 0.15 0.1 0.08 0.06 0.05</postfx_shift_cutoff>
<postfx_desaturation>1 1 1 1 1 1 1 1 1 1 1 1 1</postfx_desaturation>
<postfx_noise>0 0 0 0 0 0 0 0 0 0 0 0 0</postfx_noise>
<postfx_noise_size>0 0 0 0 0 0 0 0 0 0 0 0 0</postfx_noise_size>
<postfx_tonemap_filmic_override_dark>0 0 0 0 0 0 0 0 0 0 0 0 0</postfx_tonemap_filmic_override_dark>
<postfx_tonemap_filmic_exposure_dark>1 1 1 1 1 1 1 1 1 1 1 1 1</postfx_tonemap_filmic_exposure_dark>
<postfx_tonemap_filmic_a>0 0 0 0 0 0 0 0 0 0 0 0 0</postfx_tonemap_filmic_a>
<postfx_tonemap_filmic_b>0 0 0 0 0 0 0 0 0 0 0 0 0</postfx_tonemap_filmic_b>
<postfx_tonemap_filmic_c>0 0 0 0 0 0 0 0 0 0 0 0 0</postfx_tonemap_filmic_c>
<postfx_tonemap_filmic_d>0 0 0 0 0 0 0 0 0 0 0 0 0</postfx_tonemap_filmic_d>
<postfx_tonemap_filmic_e>0 0 0 0 0 0 0 0 0 0 0 0 0</postfx_tonemap_filmic_e>
<postfx_tonemap_filmic_f>0 0 0 0 0 0 0 0 0 0 0 0 0</postfx_tonemap_filmic_f>
<postfx_tonemap_filmic_w>0 0 0 0 0 0 0 0 0 0 0 0 0</postfx_tonemap_filmic_w>
<postfx_tonemap_filmic_override_bright>0 0 0 0 0 0 0 0 0 0 0 0 0</postfx_tonemap_filmic_override_bright>
<postfx_tonemap_filmic_exposure_bright>-2 -2 -2 -2 -2 -2 -2 -2 -2 -2 -2 -2 -2</postfx_tonemap_filmic_exposure_bright>
<postfx_tonemap_filmic_a_bright>0 0 0 0 0 0 0 0 0 0 0 0 0</postfx_tonemap_filmic_a_bright>
<postfx_tonemap_filmic_b_bright>0 0 0 0 0 0 0 0 0 0 0 0 0</postfx_tonemap_filmic_b_bright>
<postfx_tonemap_filmic_c_bright>0 0 0 0 0 0 0 0 0 0 0 0 0</postfx_tonemap_filmic_c_bright>
<postfx_tonemap_filmic_d_bright>0 0 0 0 0 0 0 0 0 0 0 0 0</postfx_tonemap_filmic_d_bright>
<postfx_tonemap_filmic_e_bright>0 0 0 0 0 0 0 0 0 0 0 0 0</postfx_tonemap_filmic_e_bright>
<postfx_tonemap_filmic_f_bright>0 0 0 0 0 0 0 0 0 0 0 0 0</postfx_tonemap_filmic_f_bright>
<postfx_tonemap_filmic_w_bright>0 0 0 0 0 0 0 0 0 0 0 0 0</postfx_tonemap_filmic_w_bright>
<postfx_vignetting_intensity>0 0 0 0 0 0 0 0 0 0 0 0 0</postfx_vignetting_intensity>
<postfx_vignetting_radius>0 0 0 0 0 0 0 0 0 0 0 0 0</postfx_vignetting_radius>
<postfx_vignetting_contrast>0 0 0 0 0 0 0 0 0 0 0 0 0</postfx_vignetting_contrast>
<postfx_vignetting_col_r>0 0 0 0 0 0 0 0 0 0 0 0 0</postfx_vignetting_col_r>
<postfx_vignetting_col_g>0 0 0 0 0 0 0 0 0 0 0 0 0</postfx_vignetting_col_g>
<postfx_vignetting_col_b>0 0 0 0 0 0 0 0 0 0 0 0 0</postfx_vignetting_col_b>
<postfx_grad_top_col_r>1 1 1 1 1 1 1 1 1 1 1 1 1</postfx_grad_top_col_r>
<postfx_grad_top_col_g>1 1 1 1 1 1 1 1 1 1 1 1 1</postfx_grad_top_col_g>
<postfx_grad_top_col_b>1 1 1 1 1 1 1 1 1 1 1 1 1</postfx_grad_top_col_b>
<postfx_grad_middle_col_r>1 1 1 1 1 1 1 1 1 1 1 1 1</postfx_grad_middle_col_r>
<postfx_grad_middle_col_g>1 1 1 1 1 1 1 1 1 1 1 1 1</postfx_grad_middle_col_g>
<postfx_grad_middle_col_b>1 1 1 1 1 1 1 1 1 1 1 1 1</postfx_grad_middle_col_b>
<postfx_grad_bottom_col_r>1 1 1 1 1 1 1 1 1 1 1 1 1</postfx_grad_bottom_col_r>
<postfx_grad_bottom_col_g>1 1 1 1 1 1 1 1 1 1 1 1 1</postfx_grad_bottom_col_g>
<postfx_grad_bottom_col_b>1 1 1 1 1 1 1 1 1 1 1 1 1</postfx_grad_bottom_col_b>
<postfx_grad_midpoint>0.5 0.5 0.5 0.5 0.5 0.5 0.5 0.5 0.5 0.5 0.5 0.5 0.5</postfx_grad_midpoint>
<postfx_grad_top_middle_midpoint>0.5 0.5 0.5 0.5 0.5 0.5 0.5 0.5 0.5 0.5 0.5 0.5 0.5</postfx_grad_top_middle_midpoint>
<postfx_grad_middle_bottom_midpoint>0.5 0.5 0.5 0.5 0.5 0.5 0.5 0.5 0.5 0.5 0.5 0.5 0.5</postfx_grad_middle_bottom_midpoint>
<postfx_scanlineintensity>0 0 0 0 0 0 0 0 0 0 0 0 0</postfx_scanlineintensity>
<postfx_scanline_frequency_0>0 0 0 0 0 0 0 0 0 0 0 0 0</postfx_scanline_frequency_0>
<postfx_scanline_frequency_1>0 0 0 0 0 0 0 0 0 0 0 0 0</postfx_scanline_frequency_1>
<postfx_scanline_speed>0 0 0 0 0 0 0 0 0 0 0 0 0</postfx_scanline_speed>
<postfx_motionblurlength>0 0 0 0 0 0 0 0 0 0 0 0 0</postfx_motionblurlength>
<dof_far>990 990 990 990 990 990 990 990 990 990 990 990 990</dof_far>
<dof_blur_mid>0 0 0 0 0 0 0 0 0 0 0 0 0</dof_blur_mid>
<dof_blur_far>0 0 0 0 0 0 0 0 0 0 0 0 0</dof_blur_far>
<dof_enable_hq>0 0 0 0 0 0 0 0 0 0 0 0 0</dof_enable_hq>
<dof_hq_smallblur>0 0 0 0 0 0 0 0 0 0 0 0 0</dof_hq_smallblur>
<dof_hq_shallowdof>0 0 0 0 0 0 0 0 0 0 0 0 0</dof_hq_shallowdof>
<dof_hq_nearplane_out>0 0 0 0 0 0 0 0 0 0 0 0 0</dof_hq_nearplane_out>
<dof_hq_nearplane_in>0 0 0 0 0 0 0 0 0 0 0 0 0</dof_hq_nearplane_in>
<dof_hq_farplane_out>0 0 0 0 0 0 0 0 0 0 0 0 0</dof_hq_farplane_out>
<dof_hq_farplane_in>0 0 0 0 0 0 0 0 0 0 0 0 0</dof_hq_farplane_in>
<environmental_blur_in>25 25 25 25 25 25 25 25 25 25 25 25 25</environmental_blur_in>
<environmental_blur_out>1500 1500 1500 1500 1500 1500 1500 1500 1500 1500 1500 1500 1500</environmental_blur_out>
<environmental_blur_size>0 0 0 0 0 0 0 0 0 0 0 0 0</environmental_blur_size>
<bokeh_brightness_min>4 4 4 4 4 4 4 4 4 4 4 4 4</bokeh_brightness_min>
<bokeh_brightness_max>2 2 2 2 2 2 2 2 2 2 2 2 2</bokeh_brightness_max>
<bokeh_fade_min>1.32 1.32 1.32 1.32 1.32 1.32 1.32 1.32 1.32 1.32 1.32 1.32 1.32</bokeh_fade_min>
<bokeh_fade_max>0.06 0.06 0.06 0.06 0.06 0.06 0.06 0.06 0.06 0.06 0.06 0.06 0.06</bokeh_fade_max>
<nv_light_dir_mult>1 1 1 1 1 1 1 1 1 1 1 1 1</nv_light_dir_mult>
<nv_light_amb_down_mult>1 1 1 1 1 1 1 1 1 1 1 1 1</nv_light_amb_down_mult>
<nv_light_amb_up_mult>1 1 1 1 1 1 1 1 1 1 1 1 1</nv_light_amb_up_mult>
<nv_lowLum>0.05 0.05 0.05 0.05 0.05 0.05 0.05 0.05 0.05 0.05 0.05 0.05 0.05</nv_lowLum>
<nv_highLum>0.6 0.6 0.6 0.6 0.6 0.6 0.6 0.6 0.6 0.6 0.6 0.6 0.6</nv_highLum>
<nv_topLum>0.75 0.75 0.75 0.75 0.75 0.75 0.75 0.75 0.75 0.75 0.75 0.75 0.75</nv_topLum>
<nv_scalerLum>10 10 10 10 10 10 10 10 10 10 10 10 10</nv_scalerLum>
<nv_offsetLum>0.2 0.2 0.2 0.2 0.2 0.2 0.2 0.2 0.2 0.2 0.2 0.2 0.2</nv_offsetLum>
<nv_offsetLowLum>0.18 0.18 0.18 0.18 0.18 0.18 0.18 0.18 0.18 0.18 0.18 0.18 0.18</nv_offsetLowLum>
<nv_offsetHighLum>0.2 0.2 0.2 0.2 0.2 0.2 0.2 0.2 0.2 0.2 0.2 0.2 0.2</nv_offsetHighLum>
<nv_noiseLum>0.05 0.05 0.05 0.05 0.05 0.05 0.05 0.05 0.05 0.05 0.05 0.05 0.05</nv_noiseLum>
<nv_noiseLowLum>0.05 0.05 0.05 0.05 0.05 0.05 0.05 0.05 0.05 0.05 0.05 0.05 0.05</nv_noiseLowLum>
<nv_noiseHighLum>0.3 0.3 0.3 0.3 0.3 0.3 0.3 0.3 0.3 0.3 0.3 0.3 0.3</nv_noiseHighLum>
<nv_bloomLum>0.01 0.01 0.01 0.01 0.01 0.01 0.01 0.01 0.01 0.01 0.01 0.01 0.01</nv_bloomLum>
<nv_colorLum_r>0 0 0 0 0 0 0 0 0 0 0 0 0</nv_colorLum_r>
<nv_colorLum_g>1 1 1 1 1 1 1 1 1 1 1 1 1</nv_colorLum_g>
<nv_colorLum_b>0.22 0.22 0.22 0.22 0.22 0.22 0.22 0.22 0.22 0.22 0.22 0.22 0.22</nv_colorLum_b>
<nv_colorLowLum_r>0 0 0 0 0 0 0 0 0 0 0 0 0</nv_colorLowLum_r>
<nv_colorLowLum_g>0.5 0.5 0.5 0.5 0.5 0.5 0.5 0.5 0.5 0.5 0.5 0.5 0.5</nv_colorLowLum_g>
<nv_colorLowLum_b>1 1 1 1 1 1 1 1 1 1 1 1 1</nv_colorLowLum_b>
<nv_colorHighLum_r>0.67 0.67 0.67 0.67 0.67 0.67 0.67 0.67 0.67 0.67 0.67 0.67 0.67</nv_colorHighLum_r>
<nv_colorHighLum_g>1 1 1 1 1 1 1 1 1 1 1 1 1</nv_colorHighLum_g>
<nv_colorHighLum_b>0.34 0.34 0.34 0.34 0.34 0.34 0.34 0.34 0.34 0.34 0.34 0.34 0.34</nv_colorHighLum_b>
<hh_startRange>5 100 100 5 5 5 5 5 5 5 5 5 5</hh_startRange>
<hh_farRange>500 500 500 500 500 500 500 500 500 500 500 500 500</hh_farRange>
<hh_minIntensity>0 0 0 0 0 0 0 0 0 0 0 0 0</hh_minIntensity>
<hh_maxIntensity>1.5 1 1 1.5 1.5 1.5 1.5 1.5 1.5 1.5 1.5 1.5 1.5</hh_maxIntensity>
<hh_displacementU>0 0 0 0 0 0 0 0 0 0 0 0 0</hh_displacementU>
<hh_displacementV>0 0 0 0 0 0 0 0 0 0 0 0 0</hh_displacementV>
<hh_tex1UScale>1 1 1 1 1 1 1 1 1 1 1 1 1</hh_tex1UScale>
<hh_tex1VScale>5 5 5 5 5 5 5 5 5 5 5 5 5</hh_tex1VScale>
<hh_tex1UOffset>0 0 0 0 0 0 0 0 0 0 0 0 0</hh_tex1UOffset>
<hh_tex1VOffset>0 0 0 0 0 0 0 0 0 0 0 0 0</hh_tex1VOffset>
<hh_tex2UScale>2 2 2 2 2 2 2 2 2 2 2 2 2</hh_tex2UScale>
<hh_tex2VScale>1 1 1 1 1 1 1 1 1 1 1 1 1</hh_tex2VScale>
<hh_tex2UOffset>1 1 1 1 1 1 1 1 1 1 1 1 1</hh_tex2UOffset>
<hh_tex2VOffset>1 1 1 1 1 1 1 1 1 1 1 1 1</hh_tex2VOffset>
<hh_tex1UFrequencyOffset>1 1 1 1 1 1 1 1 1 1 1 1 1</hh_tex1UFrequencyOffset>
<hh_tex1UFrequency>0.5 0.5 0.5 0.5 0.5 0.5 0.5 0.5 0.5 0.5 0.5 0.5 0.5</hh_tex1UFrequency>
<hh_tex1UAmplitude>10 10 10 10 10 10 10 10 10 10 10 10 10</hh_tex1UAmplitude>
<hh_tex1VScrollingSpeed>0.2 0.2 0.2 0.2 0.2 0.2 0.2 0.2 0.2 0.2 0.2 0.2 0.2</hh_tex1VScrollingSpeed>
<hh_tex2UFrequencyOffset>1 1 1 1 1 1 1 1 1 1 1 1 1</hh_tex2UFrequencyOffset>
<hh_tex2UFrequency>1 1 1 1 1 1 1 1 1 1 1 1 1</hh_tex2UFrequency>
<hh_tex2UAmplitude>1 1 1 1 1 1 1 1 1 1 1 1 1</hh_tex2UAmplitude>
<hh_tex2VScrollingSpeed>10 10 10 10 10 10 10 10 10 10 10 10 10</hh_tex2VScrollingSpeed>
<lens_dist_coeff>0 0 0 0 0 0 0 0 0 0 0 0 0</lens_dist_coeff>
<lens_dist_cube_coeff>0 0 0 0 0 0 0 0 0 0 0 0 0</lens_dist_cube_coeff>
<chrom_aberration_coeff>0 0 0 0 0 0 0 0 0 0 0 0 0</chrom_aberration_coeff>
<chrom_aberration_coeff2>0 0 0 0 0 0 0 0 0 0 0 0 0</chrom_aberration_coeff2>
<lens_artefacts_intensity>0.2 0.2 0.2 0.2 0.2 0.2 0.2 0.2 0.2 0.2 0.2 0.2 0.2</lens_artefacts_intensity>
<lens_artefacts_min_exp_intensity>2 2 1 1 1 1 1 1 1 1 1 2 2</lens_artefacts_min_exp_intensity>
<lens_artefacts_max_exp_intensity>0.2 0.2 0.2 0.2 0.2 0.2 0.2 0.2 0.2 0.2 0.2 0.2 0.2</lens_artefacts_max_exp_intensity>
<blur_vignetting_radius>0 0 0 0 0 0 0 0 0 0 0 0 0</blur_vignetting_radius>
<blur_vignetting_intensity>0 0 0 0 0 0 0 0 0 0 0 0 0</blur_vignetting_intensity>
<screen_blur_intensity>0 0 0 0 0 0 0 0 0 0 0 0 0</screen_blur_intensity>
<sky_zenith_transition_position>0.18 0.18 0.12 0.28 0.28 0.28 0.28 0.28 0.28 0.28 0.28 0.28 0.28</sky_zenith_transition_position>
<sky_zenith_transition_east_blend>0.85 0.85 0.91 0.7 0.37 1 1 0.73 0.39 0.47 0.73 0.73 0.73</sky_zenith_transition_east_blend>
<sky_zenith_transition_west_blend>0.73 0.73 0.74 0.7 0.44 1 1 1 0.76 0.46 0.73 0.73 0.73</sky_zenith_transition_west_blend>
<sky_zenith_blend_start>0.39 0.43 0.54 0 0 0 0 0 0 0 0 0 0</sky_zenith_blend_start>
<sky_zenith_col_r>0 0.07 0.3 0.25 0.24 0.24 0.25 0.25 0.25 0.15 0.15 0.01 0.05</sky_zenith_col_r>
<sky_zenith_col_g>0 0.16 0.4 0.28 0.32 0.32 0.28 0.28 0.28 0.28 0.28 0.05 0.08</sky_zenith_col_g>
<sky_zenith_col_b>0 0.27 0.5 0.32 0.45 0.45 0.42 0.42 0.42 0.42 0.42 0.1 0.13</sky_zenith_col_b>
<sky_zenith_col_inten>1 1 1 1 1 1 1 1 1 1 1 1 1</sky_zenith_col_inten>
<sky_zenith_transition_col_r>0 0.09 0.4 0.73 0.6 0.56 0.73 0.73 0.6 0 0.3 0.1 0</sky_zenith_transition_col_r>
<sky_zenith_transition_col_g>0 0.14 0.5 0.75 0.7 0.74 0.75 0.75 0.7 0.5 0.4 0.2 0.23</sky_zenith_transition_col_g>
<sky_zenith_transition_col_b>0 0.2 0.6 0.78 0.8 0.87 0.78 0.78 0.8 0.8 0.5 0.3 0.43</sky_zenith_transition_col_b>
<sky_zenith_transition_col_inten>1 1 1 1 1 1 1 1 1 1 1 1 1</sky_zenith_transition_col_inten>
<sky_azimuth_transition_position>0.5 0.5 0.5 0.5 0.5 0.5 0.5 0.5 0.5 0.5 0.5 0.92 0.92</sky_azimuth_transition_position>
<sky_azimuth_east_col_r>0 0.25 0.8 1 0.58 0.58 0.4 0.4 0.27 0.4 0.4 0.16 0.16</sky_azimuth_east_col_r>
<sky_azimuth_east_col_g>0 0.19 0.7 0.95 0.63 0.63 0.45 0.45 0.41 0.45 0.45 0.16 0.18</sky_azimuth_east_col_g>
<sky_azimuth_east_col_b>0 0.15 0.6 0.81 0.67 0.67 0.5 0.5 0.63 0.5 0.5 0.19 0.19</sky_azimuth_east_col_b>
<sky_azimuth_east_col_inten>1 1 1 1 1 1 1 1 1 1 1 1 1</sky_azimuth_east_col_inten>
<sky_azimuth_transition_col_r>0 0.13 0.61 0.88 0.58 0.58 0.6 0.6 0.78 0.88 0.78 0.19 0.19</sky_azimuth_transition_col_r>
<sky_azimuth_transition_col_g>0 0.19 0.61 0.94 0.63 0.63 0.65 0.65 0.84 0.94 0.84 0.21 0.21</sky_azimuth_transition_col_g>
<sky_azimuth_transition_col_b>0 0.24 0.73 0.99 0.67 0.67 0.7 0.7 0.9 0.99 0.99 0.23 0.23</sky_azimuth_transition_col_b>
<sky_azimuth_transition_col_inten>1 1 1 1 1 1 1 1 1 1 1 1 1</sky_azimuth_transition_col_inten>
<sky_azimuth_west_col_r>0 0 0.47 0.07 0.58 0.58 0.6 0.6 0.27 1 1 0.25 0.2</sky_azimuth_west_col_r>
<sky_azimuth_west_col_g>0 0.04 0.57 0.21 0.63 0.63 0.65 0.65 0.41 0.95 0.9 0.2 0.15</sky_azimuth_west_col_g>
<sky_azimuth_west_col_b>0 0.07 0.69 0.33 0.67 0.67 0.7 0.7 0.63 0.81 0.9 0.3 0.2</sky_azimuth_west_col_b>
<sky_azimuth_west_col_inten>1 1 1 1 1 1 1 1 1 1 1 1.5 1</sky_azimuth_west_col_inten>
<sky_hdr>0 1 2 29 24 26 30 25 30 25 10 1 0.2</sky_hdr>
<sky_plane_r>0.71 0.71 0.71 0.71 0.71 0.71 0.71 0.71 0.71 0.71 0.71 0.71 0.71</sky_plane_r>
<sky_plane_g>0.71 0.71 0.71 0.71 0.71 0.71 0.71 0.71 0.71 0.71 0.71 0.71 0.71</sky_plane_g>
<sky_plane_b>0.71 0.71 0.71 0.71 0.71 0.71 0.71 0.71 0.71 0.71 0.71 0.71 0.71</sky_plane_b>
<sky_plane_inten>1 1 1 1 1 1 1 1 1 1 1 1 1</sky_plane_inten>
<sky_sun_col_r>0 0.14 0.4 0.79 0.93 1 0.6 0.6 0.6 0.3 0.4 0 0</sky_sun_col_r>
<sky_sun_col_g>0 0.38 0.3 0.46 0.72 1 0.6 0.6 0.6 0.2 0.5 0 0</sky_sun_col_g>
<sky_sun_col_b>0 0.82 0.25 0.46 0.41 1 0.6 0.6 0.6 0.2 0.6 0 0</sky_sun_col_b>
<sky_sun_disc_col_r>0 1 1 1 0.96 0.96 1 1 1 1 1 0 0</sky_sun_disc_col_r>
<sky_sun_disc_col_g>0 0.39 0.75 0.75 0.84 0.84 0.84 0.84 0.73 0.34 0.34 0 0</sky_sun_disc_col_g>
<sky_sun_disc_col_b>0 0 0.67 0.42 0.76 0.76 0.74 0.6 0.47 0.11 0.11 0 0</sky_sun_disc_col_b>
<sky_sun_disc_size>1 1 2 0.01 0.01 0.01 0.01 0.01 0.01 0.01 0.01 2.5 1</sky_sun_disc_size>
<sky_sun_hdr>15 8 7 64 255 64 64 64 64 64 64 64 15</sky_sun_hdr>
<sky_sun_miephase>0.7 1 0.49 0.72 0.7 0.7 0.7 0.8 0.94 0.7 0.7 0.88 0.7</sky_sun_miephase>
<sky_sun_miescatter>1 7.13 9 1.5 1 1 1 1 1 1 1 1 1</sky_sun_miescatter>
<sky_sun_mie_intensity_mult>1 1 1 1 1 1 1 1 1 1 1 1 1</sky_sun_mie_intensity_mult>
<sky_sun_influence_radius>0 38 35 33 128 64 64 64 64 64 128 128 0</sky_sun_influence_radius>
<sky_sun_scatter_inten>0 8 64 64 7 128 128 128 128 128 48 48 0</sky_sun_scatter_inten>
<sky_moon_col_r>0 0.81 0.81 0.81 0.81 0.81 0.81 0.81 0.81 0.81 0.81 0.81 0</sky_moon_col_r>
<sky_moon_col_g>0.01 0.89 0.89 0.89 0.89 0.89 0.89 0.89 0.89 0.89 0.89 0.89 0.01</sky_moon_col_g>
<sky_moon_col_b>0.03 0.99 0.99 0.99 0.99 0.99 0.99 0.99 0.99 0.99 0.99 0.99 0.03</sky_moon_col_b>
<sky_moon_disc_size>2 2 2 2 2 2 2 2 2 2 2 2 2</sky_moon_disc_size>
<sky_moon_iten>0.2 0.2 1 0.5 0 0 0 0 0 0 0 0.2 0.1</sky_moon_iten>
<sky_stars_iten>0.1 0.1 0.1 0.1 0 0 0 0 0 0.1 0.1 0.1 0.1</sky_stars_iten>
<sky_moon_influence_radius>112.88 32 32 11 11 11 11 11 11 11 11 11 112.88</sky_moon_influence_radius>
<sky_moon_scatter_inten>7.8 0.5 0.5 1 1 1 1 1 1 1 1 1 7.8</sky_moon_scatter_inten>
<sky_cloud_gen_frequency>2 2 2 2 2 2 2 2 2 2 2 2 2</sky_cloud_gen_frequency>
<sky_cloud_gen_scale>48 48 64 48 48 48 48 48 48 48 48 48 48</sky_cloud_gen_scale>
<sky_cloud_gen_threshold>0.1 0.9 0.9 0.4 0.6 0.3 0.5 0.5 0.4 0.4 0.5 1 0.1</sky_cloud_gen_threshold>
<sky_cloud_gen_softness>0.5 0.8 0.8 0.6 0.3 0.8 0.6 0.6 1 1 0.6 0.5 0.5</sky_cloud_gen_softness>
<sky_cloud_density_mult>4 2 2 3 4 3 4 3 3 3 4 4 4</sky_cloud_density_mult>
<sky_cloud_density_bias>0.83 0 0.66 0.83 0.83 0.83 0.83 0.83 0.83 0.9 0.8 0.83 0.83</sky_cloud_density_bias>
<sky_cloud_mid_col_r>0.06 0 0.34 0.76 0.84 0.8 1 1 1.2 1.1 0.76 0.26 0.2</sky_cloud_mid_col_r>
<sky_cloud_mid_col_g>0.09 0 0.42 0.76 0.84 0.85 1 1 1.3 1.2 0.76 0.43 0.24</sky_cloud_mid_col_g>
<sky_cloud_mid_col_b>0.14 0 0.55 0.76 0.84 0.9 1 1 1.4 1.3 0.8 0.59 0.29</sky_cloud_mid_col_b>
<sky_cloud_base_col_r>0.01 0 0.17 0.19 0.39 0.39 0.39 0.39 0.19 0.19 0.19 0.05 0.1</sky_cloud_base_col_r>
<sky_cloud_base_col_g>0.06 0 0.21 0.37 0.64 0.64 0.64 0.64 0.37 0.37 0.37 0.18 0.15</sky_cloud_base_col_g>
<sky_cloud_base_col_b>0.18 0 0.29 0.43 0.73 0.73 0.73 0.73 0.43 0.43 0.43 0.3 0.29</sky_cloud_base_col_b>
<sky_cloud_base_strength>1 1 1 1 1 1 1 1 1 1 1 1 1</sky_cloud_base_strength>
<sky_cloud_shadow_col_r>0 0 0.24 0.32 0.44 0.44 0.44 0.44 0.32 0.32 0.32 0.04 0.08</sky_cloud_shadow_col_r>
<sky_cloud_shadow_col_g>0.03 0 0.24 0.36 0.49 0.49 0.49 0.49 0.36 0.36 0.36 0.05 0.12</sky_cloud_shadow_col_g>
<sky_cloud_shadow_col_b>0.09 0 0.24 0.4 0.53 0.53 0.53 0.53 0.4 0.4 0.4 0.21 0.21</sky_cloud_shadow_col_b>
<sky_cloud_shadow_strength>1 1 0.38 1 1 1 1 1 1 1 1 0.69 1</sky_cloud_shadow_strength>
<sky_cloud_gen_density_offset>0 0 1 0 0 0 0 0 0 0 0 1 0</sky_cloud_gen_density_offset>
<sky_cloud_offset>0.03 0.05 0 0.1 0.1 0.1 0.1 0.1 0.1 0.1 0.1 0.1 0.03</sky_cloud_offset>
<sky_cloud_overall_strength>0.4 0.23 0.11 0.23 0.23 0.23 0.23 0.23 0.23 0.23 0.23 0.17 0.4</sky_cloud_overall_strength>
<sky_cloud_overall_color>0.14 0.6 0.6 0.6 0.6 0.6 0.6 0.6 0.6 0.6 0.6 0.84 0.14</sky_cloud_overall_color>
<sky_cloud_edge_strength>0.5 0.5 0.5 0.5 0.5 0.5 0.5 0.5 0.5 0.5 0.5 0.5 0.5</sky_cloud_edge_strength>
<sky_cloud_fadeout>0 0.53 0.17 0.52 0.52 0.52 0.52 0.52 0.52 0.52 0.52 1 0</sky_cloud_fadeout>
<sky_cloud_hdr>0.05 1 5 20 25 30 20 20 16 20 10 0.3 0.1</sky_cloud_hdr>
<sky_cloud_dither_strength>150 150 150 150 150 150 150 150 150 150 150 150 150</sky_cloud_dither_strength>
<sky_small_cloud_col_r>0 0.08 0 0.35 1 0 0 0 0.35 0.35 1 1 0</sky_small_cloud_col_r>
<sky_small_cloud_col_g>0 0.09 0.02 0.35 0.98 0 0 0 0.35 0.35 0.98 0.98 0</sky_small_cloud_col_g>
<sky_small_cloud_col_b>0 0.17 0.13 0.35 0.97 0 0 0 0.35 0.35 0.97 0.97 0</sky_small_cloud_col_b>
<sky_small_cloud_detail_strength>0 0.55 0.45 1 0.34 0.34 0.34 0.34 1 1 1 0.34 0</sky_small_cloud_detail_strength>
<sky_small_cloud_detail_scale>3.84 3.84 3.84 3.84 3.84 3.84 3.84 3.84 3.84 3.84 3.84 3.84 3.84</sky_small_cloud_detail_scale>
<sky_small_cloud_density_mult>0.77 0.77 0.54 0.77 0.77 0.77 0.77 0.77 0.77 0.77 0.77 0.77 0.77</sky_small_cloud_density_mult>
<sky_small_cloud_density_bias>0 0 0 0 0 0 0 0 0 0 0 0 0</sky_small_cloud_density_bias>
<cloud_shadow_density>0 0 0 0 1 1 1 1 1 1 0 0 0</cloud_shadow_density>
<cloud_shadow_softness>0.1 0.1 0.1 0.1 0.3 0.3 0.3 0.3 0.3 0.3 0.1 0.1 0.1</cloud_shadow_softness>
<cloud_shadow_opacity>0 0 0 0 1 1 1 1 1 1 0 0 0</cloud_shadow_opacity>
<dir_shadow_num_cascades>4 4 4 4 4 4 4 4 4 4 4 4 4</dir_shadow_num_cascades>
<dir_shadow_distance_multiplier>1 1 1 1 1 1 1 1 1 1 1 1 1</dir_shadow_distance_multiplier>
<dir_shadow_softness>1 1 1 1 1 1 1 1 1 1 1 1 1</dir_shadow_softness>
<dir_shadow_cascade0_scale>3 3 3 3 3 3 3 3 3 3 3 3 3</dir_shadow_cascade0_scale>
<sprite_brightness>1 1 1 1 1 1 1 1 1 1 1 1 1</sprite_brightness>
<sprite_size>1 1 1 2 2 2 2 2 2 2 1 1 1</sprite_size>
<sprite_corona_screenspace_expansion>0 0 0 0 0 0 0 0 0 0 0 0 0</sprite_corona_screenspace_expansion>
<Lensflare_visibility>0 0 0 0.6 0.9 1 0.9 0.8 0.5 0.5 0 0 0</Lensflare_visibility>
<sprite_distant_light_twinkle>1 1 1 1 1 1 1 1 1 1 1 1 1</sprite_distant_light_twinkle>
<water_reflection>0.25 0.25 0.25 0.25 0.25 0.25 0.25 0.25 0.25 0.25 0.25 0.25 0.25</water_reflection>
<water_reflection_far_clip>8000 8000 8000 8000 8000 8000 8000 8000 8000 8000 8000 8000 8000</water_reflection_far_clip>
<water_reflection_lod>0 0 0 0 0 0 0 0 0 0 0 0 0</water_reflection_lod>
<water_reflection_sky_flod_range>0 0 0 0 0 0 0 0 0 0 0 0 0</water_reflection_sky_flod_range>
<water_reflection_lod_range_enabled>1 1 1 1 1 1 1 1 1 1 1 1 1</water_reflection_lod_range_enabled>
<water_reflection_lod_range_hd_start>-1 -1 -1 -1 -1 -1 -1 -1 -1 -1 -1 -1 -1</water_reflection_lod_range_hd_start>
<water_reflection_lod_range_hd_end>-1 -1 -1 -1 -1 -1 -1 -1 -1 -1 -1 -1 -1</water_reflection_lod_range_hd_end>
<water_reflection_lod_range_orphanhd_start>0 0 0 0 0 0 0 0 0 0 0 0 0</water_reflection_lod_range_orphanhd_start>
<water_reflection_lod_range_orphanhd_end>30 30 30 30 30 30 30 30 30 30 30 30 30</water_reflection_lod_range_orphanhd_end>
<water_reflection_lod_range_lod_start>0 0 0 0 0 0 0 0 0 0 0 0 0</water_reflection_lod_range_lod_start>
<water_reflection_lod_range_lod_end>30 30 30 30 30 30 30 30 30 30 30 30 30</water_reflection_lod_range_lod_end>
<water_reflection_lod_range_slod1_start>-1 -1 -1 -1 -1 -1 -1 -1 -1 -1 -1 -1 -1</water_reflection_lod_range_slod1_start>
<water_reflection_lod_range_slod1_end>-1 -1 -1 -1 -1 -1 -1 -1 -1 -1 -1 -1 -1</water_reflection_lod_range_slod1_end>
<water_reflection_lod_range_slod2_start>30 30 30 30 30 30 30 30 30 30 30 30 30</water_reflection_lod_range_slod2_start>
<water_reflection_lod_range_slod2_end>100 100 100 100 100 100 100 100 100 100 100 100 100</water_reflection_lod_range_slod2_end>
<water_reflection_lod_range_slod3_start>100 100 100 100 100 100 100 100 100 100 100 100 100</water_reflection_lod_range_slod3_start>
<water_reflection_lod_range_slod3_end>10000 10000 10000 10000 10000 10000 10000 10000 10000 10000 10000 10000 10000</water_reflection_lod_range_slod3_end>
<water_reflection_lod_range_slod4_start>-1 -1 -1 -1 -1 -1 -1 -1 -1 -1 -1 -1 -1</water_reflection_lod_range_slod4_start>
<water_reflection_lod_range_slod4_end>-1 -1 -1 -1 -1 -1 -1 -1 -1 -1 -1 -1 -1</water_reflection_lod_range_slod4_end>
<water_reflection_height_offset>0 0 0 0 0 0 0 0 0 0 0 0 0</water_reflection_height_offset>
<water_reflection_height_override>0 0 0 0 0 0 0 0 0 0 0 0 0</water_reflection_height_override>
<water_reflection_height_override_amount>0 0 0 0 0 0 0 0 0 0 0 0 0</water_reflection_height_override_amount>
<water_reflection_distant_light_intensity>1 1 1 1 1 1 1 1 1 1 1 1 1</water_reflection_distant_light_intensity>
<water_reflection_corona_intensity>1.2 1.2 1.1 1 1 1 1 1 1 1 1.1 1.2 1.2</water_reflection_corona_intensity>
<water_foglight>0.5 0.5 0.5 0.5 0.5 0.5 0.5 0.5 0.5 0.5 1 0.5 0.5</water_foglight>
<water_interior>0 0 0 0 0 0 0 0 0 0 0 0 0</water_interior>
<water_fogstreaming>1 1 1 1 1 1 1 1 1 1 1 1 1</water_fogstreaming>
<water_foam_intensity_mult>1 1 1 1 1 1 1 1 1 1 1 1 1</water_foam_intensity_mult>
<water_drying_speed_mult>0.1 0.1 0.1 0.2 0.2 0.2 0.2 0.2 0.2 0.2 0.1 0.1 0.1</water_drying_speed_mult>
<water_specular_intensity>5 4 11 17 11 9 9 9 17 30 15 4 4</water_specular_intensity>
<mirror_reflection_local_light_intensity>1 1 1 1 1 1 1 1 1 1 1 1 1</mirror_reflection_local_light_intensity>
<fog_start>0 99 99 500 600 700 700 700 600 500 99 99 0</fog_start>
<fog_near_col_r>0 0.02 0.05 0.15 0.14 0.24 0.46 0.46 0.3 0.61 0.37 0.03 0</fog_near_col_r>
<fog_near_col_g>0 0.03 0.09 0.17 0.17 0.3 0.66 0.66 0.5 0.56 0.4 0.07 0</fog_near_col_g>
<fog_near_col_b>0 0.06 0.17 0.2 0.22 0.33 0.86 0.86 0.7 0.45 0.47 0.15 0</fog_near_col_b>
<fog_near_col_a>1 1 1 1 1 1 1 1 1 1 1 1 1</fog_near_col_a>
<fog_col_r>0 0.05 1 0.9 1 1 1 1 1 0.6 0.9 0.07 0</fog_col_r>
<fog_col_g>0 0.1 0.6 0.75 1 1 1 1 1 0.5 0.75 0.03 0</fog_col_g>
<fog_col_b>0 0.23 0.47 0.55 1 1 1 1 1 0.4 0.55 0.12 0</fog_col_b>
<fog_col_a>1 1 1 1 1 1 1 1 1 1 1 1 1</fog_col_a>
<fog_sun_lighting_calc_pow>8 8 8 8 8 8 8 8 8 8 8 8 8</fog_sun_lighting_calc_pow>
<fog_moon_col_r>0 0.05 0.19 0.33 0.48 0.48 0.48 0.48 0.48 0.29 0.14 0.03 0</fog_moon_col_r>
<fog_moon_col_g>0 0.07 0.25 0.36 0.52 0.52 0.52 0.52 0.52 0.31 0.18 0.07 0</fog_moon_col_g>
<fog_moon_col_b>0 0.14 0.35 0.41 0.58 0.58 0.58 0.58 0.58 0.34 0.25 0.15 0</fog_moon_col_b>
<fog_moon_col_a>1 1 1 1 1 1 1 1 1 1 1 1 1</fog_moon_col_a>
<fog_moon_lighting_calc_pow>18 18 18 18 18 18 18 18 18 18 18 18 18</fog_moon_lighting_calc_pow>
<fog_east_col_r>0 0.02 0.23 0.33 0.49 0.49 0.49 0.49 0.49 0.29 0.09 0.01 0</fog_east_col_r>
<fog_east_col_g>0 0.03 0.22 0.36 0.52 0.52 0.52 0.52 0.52 0.31 0.12 0.03 0</fog_east_col_g>
<fog_east_col_b>0 0.06 0.29 0.41 0.58 0.58 0.58 0.58 0.58 0.34 0.17 0.08 0</fog_east_col_b>
<fog_east_col_a>1 1 1 1 1 1 1 1 1 1 1 1 1</fog_east_col_a>
<fog_density>3 3 3 3 3 3 3 3 3 3 3 3 3</fog_density>
<fog_falloff>10 15 7 10 7 7 7 7 7 7 7 7 10</fog_falloff>
<fog_base_height>0 0 0 0 0 0 0 0 0 0 0 0 0</fog_base_height>
<fog_alpha>1 1 1 1 1 1 1 1 1 1 1 1 1</fog_alpha>
<fog_horizon_tint_scale>5.1 7.69 6.88 2.5 2.5 2.5 2.5 2.5 2.5 2.5 2.5 2.5 5.1</fog_horizon_tint_scale>
<fog_hdr>0.1 0.5 1 15 19.63 20 10 10 10 5 3 0.5 0.1</fog_hdr>
<fog_haze_col_r>0 0 0 0 0.02 0.04 0.04 0.04 0.01 0 0 0 0</fog_haze_col_r>
<fog_haze_col_g>0 0 0 0.03 0.06 0.18 0.18 0.18 0.03 0.04 0.01 0 0</fog_haze_col_g>
<fog_haze_col_b>0 0 0.03 0.08 0.13 0.5 0.5 0.5 0.1 0.17 0.01 0.02 0</fog_haze_col_b>
<fog_haze_density>4 4 4 4 5 4 5 5 6 4 4 4 4</fog_haze_density>
<fog_haze_alpha>1 1 1 1 1 1 1 1 1 1 1 1 1</fog_haze_alpha>
<fog_haze_hdr>0 1 2 5 10 3 3 3 3 3 3 1 0</fog_haze_hdr>
<fog_haze_start>0 0 0 0 0 0 0 0 0 0 0 0 0</fog_haze_start>
<fog_shape_bottom>0 0 0 0 0 0 0 0 0 0 0 0 0</fog_shape_bottom>
<fog_shape_top>0 0 0 0 0 0 0 0 0 0 0 0 0</fog_shape_top>
<fog_shape_log_10_of_visibility>5 5 5 5 5 5 5 5 5 5 5 5 5</fog_shape_log_10_of_visibility>
<fog_shape_weight_0>1 1 1 1 1 1 1 1 1 1 1 1 1</fog_shape_weight_0>
<fog_shape_weight_1>0 0 0 0 0 0 0 0 0 0 0 0 0</fog_shape_weight_1>
<fog_shape_weight_2>0 0 0 0 0 0 0 0 0 0 0 0 0</fog_shape_weight_2>
<fog_shape_weight_3>0 0 0 0 0 0 0 0 0 0 0 0 0</fog_shape_weight_3>
<fog_shadow_amount>0 0 0 0 0 0 0 0 0 0 0 0 0</fog_shadow_amount>
<fog_shadow_falloff>1 1 1 1 1 1 1 1 400 400 200 1 1</fog_shadow_falloff>
<fog_shadow_base_height>0 0 0 0 0 0 0 0 0 0 0 0 0</fog_shadow_base_height>
<fog_volume_light_range>250 250 250 250 250 250 250 250 250 250 250 250 250</fog_volume_light_range>
<fog_volume_light_fade>250 250 250 250 250 250 250 250 250 250 250 250 250</fog_volume_light_fade>
<fog_volume_light_intensity>0.004 0.004 0.004 0.004 0.004 0.004 0.004 0.004 0.004 0.004 0.004 0.004 0.004</fog_volume_light_intensity>
<fog_volume_light_size>0.2 0.2 0.1 0.1 0.1 0.1 0.1 0.1 0.1 0.1 0.1 0.2 0.2</fog_volume_light_size>
<fogray_contrast>1 1 1 1 1 1 1 1 1 1 1 1 1</fogray_contrast>
<fogray_intensity>0 0 0.5 1 0.95 0.95 0.95 0.95 0.95 1 1 0 0</fogray_intensity>
<fogray_density>1 1 1 1 1 1 1 1 1 1 0.95 1 1</fogray_density>
<fogray_nearfade>10 10 10 10 10 10 10 10 10 10 10 10 10</fogray_nearfade>
<fogray_farfade>200 200 200 200 200 200 200 200 200 200 200 200 200</fogray_farfade>
<reflection_lod_range_start>0 0 0 0 0 0 0 0 0 0 0 0 0</reflection_lod_range_start>
<reflection_lod_range_end>50 50 50 50 50 50 50 50 50 50 50 50 50</reflection_lod_range_end>
<reflection_slod_range_start>150 150 150 150 150 150 150 150 150 150 150 150 150</reflection_slod_range_start>
<reflection_slod_range_end>1000 1000 1000 1000 1000 1000 1000 1000 1000 1000 1000 1000 1000</reflection_slod_range_end>
<reflection_interior_range>20 20 20 20 20 20 20 20 20 20 20 20 20</reflection_interior_range>
<reflection_tweak_interior_amb>2 2 2 2 2 2 2 2 2 2 2 2 2</reflection_tweak_interior_amb>
<reflection_tweak_exterior_amb>2 2 2 2 2 2 2 2 2 2 2 2 2</reflection_tweak_exterior_amb>
<reflection_tweak_emissive>3 3 3 3 3 3 3 3 3 3 3 3 3</reflection_tweak_emissive>
<reflection_tweak_directional>1 0.7 0.5 0.5 0.5 0.5 0.5 0.5 0.5 0.5 0.5 0.7 1</reflection_tweak_directional>
<reflection_hdr_mult>3 1.4 1 1 1 1 1 1 1 1 1 1.5 2</reflection_hdr_mult>
<far_clip>10000 10000 10000 10000 10000 10000 10000 10000 10000 10000 10000 10000 10000</far_clip>
<temperature>12 12 12 13 15 20 25 23 20 15 13 13 12</temperature>
<particle_emissive_intensity_mult>1 1 1 1 1 1 1 1 1 1 1 1 1</particle_emissive_intensity_mult>
<vfxlightning_intensity_mult>1 1 1 1 1 1 1 1 1 1 1 1 1</vfxlightning_intensity_mult>
<vfxlightning_visibility>0 0 0 0 0 0 0 0 0 0 0 0 0</vfxlightning_visibility>
<particle_light_intensity_mult>3 3 1 1 1 1 1 1 1 1 1 3 3</particle_light_intensity_mult>
<natural_ambient_multiplier>1 1 1 1 1 1 1 1 1 1 1 1 1</natural_ambient_multiplier>
<artificial_int_ambient_multiplier>0 0 0 0 0 0 0 0 0 0 0 0 0</artificial_int_ambient_multiplier>
<fog_cut_off>1 1 1 1 1 1 1 1 1 1 1 1 1</fog_cut_off>
<no_weather_fx>0 0 0 0 0 0 0 0 0 0 0 0 0</no_weather_fx>
<no_gpu_fx>0 0 0 0 0 0 0 0 0 0 0 0 0</no_gpu_fx>
<no_rain>0 0 0 0 0 0 0 0 0 0 0 0 0</no_rain>
<no_rain_ripples>0 0 0 0 0 0 0 0 0 0 0 0 0</no_rain_ripples>
<fogvolume_density_scalar>0.5 0.5 0.2 0 0 0 0 0 0 0 0.2 0.5 0.5</fogvolume_density_scalar>
<fogvolume_density_scalar_interior>1 1 1 1 1 1 1 1 1 1 1 1 1</fogvolume_density_scalar_interior>
<fogvolume_fog_scaler>0.9 0.98 0.98 0.98 0.98 0.98 0.98 0.98 0.98 0.98 0.98 0.98 0.9</fogvolume_fog_scaler>
<time_offset>0 0 0 0 0 0 0 0 0 0 0 0 0</time_offset>
<vehicle_dirt_mod>1 1 1 1 1 1 1 1 1 1 1 1 1</vehicle_dirt_mod>
<wind_speed_mult>1 1 1 1 1 1 1 1 1 1 1 1 1</wind_speed_mult>
<entity_reject>10000 10000 10000 10000 10000 10000 10000 10000 10000 10000 10000 10000 10000</entity_reject>
<lod_mult>1 1 1 1 1 1 1 1 1 1 1 1 1</lod_mult>
<enable_occlusion>1 1 1 1 1 1 1 1 1 1 1 1 1</enable_occlusion>
<enable_shadow_occlusion>1 1 1 1 1 1 1 1 1 1 1 1 1</enable_shadow_occlusion>
<render_exterior>1 1 1 1 1 1 1 1 1 1 1 1 1</render_exterior>
<portal_weight>1 1 1 1 1 1 1 1 1 1 1 1 1</portal_weight>
<light_falloff_mult>1 1 1 1 1 1 1 1 1 1 1 1 1</light_falloff_mult>
<lodlight_range_mult>1 1 1 1 1 1 1 1 1 1 1 1 1</lodlight_range_mult>
<shadow_distance_mult>1 1 1 1 1 1 1 1 1 1 1 1 1</shadow_distance_mult>
<lod_mult_hd>1 1 1 1 1 1 1 1 1 1 1 1 1</lod_mult_hd>
<lod_mult_orphanhd>1 1 1 1 1 1 1 1 1 1 1 1 1</lod_mult_orphanhd>
<lod_mult_lod>1 1 1 1 1 1 1 1 1 1 1 1 1</lod_mult_lod>
<lod_mult_slod1>1 1 1 1 1 1 1 1 1 1 1 1 1</lod_mult_slod1>
<lod_mult_slod2>1 1 1 1 1 1 1 1 1 1 1 1 1</lod_mult_slod2>
<lod_mult_slod3>1 1 1 1 1 1 1 1 1 1 1 1 1</lod_mult_slod3>
<lod_mult_slod4>1 1 1 1 1 1 1 1 1 1 1 1 1</lod_mult_slod4>
</region>
</cycle>
</timecycle_keyframe_data>