<?xml version="1.0" encoding="UTF-8"?>

<CCustomShaderEffectTree__BRANCH_BEND_AND_TRI_WAVE_MICRO_MOVEMENTS_GLOBALS>
  <umLowWind value="0.000000" />
  <umHighWind value="3.500000" />
  <WindVariationRange value="0.268000" />
  <WindVariationScales content="float_array">
    1.000000	
    0.862000	
    0.754000	
  </WindVariationScales>
  <WindVariationBlendWaveFreq content="float_array">
    0.123000	
    0.074000	
  </WindVariationBlendWaveFreq>
  <WindSmoothChangeControlPointInterval value="0.500000" />
  <WindSpeedSoftClamp value="20.000000" />
  <WindSpeedSoftClampUnrestrictedProportion value="0.990000" />
  <AlphaCardOnlyGlobalStiffness value="0.945000" />
</CCustomShaderEffectTree__BRANCH_BEND_AND_TRI_WAVE_MICRO_MOVEMENTS_GLOBALS>