<?xml version="1.0" encoding="UTF-8"?>
<!-- SPINETHETIC.COM -->
<HBAO_Parameters>
<HBAORelativeStrength value="1.23"/>
<CPRelativeStrength value="0.7"/>
<HBAORadius0 value="0.2"/>
<HBAORadius1 value="0.6"/>
<HBAOBlendDistance value="25"/>
<CPRadius value="1.9"/>
<MaxPixels value="50"/>
<CutoffPixels value="1"/>
<FoliageStrength value="0.7"/>
<HBAOFalloffExponent value="5"/>
<CPStrengthClose value="0.65"/>
<CPBlendDistanceMin value="0"/>
<CPBlendDistanceMax value="100"/>
</HBAO_Parameters>