<?xml version="1.0" encoding="UTF-8"?>
<!-- 
 ██████╗████████╗ █████╗     ███████╗              ██████╗ ███████╗██████╗ ██╗   ██╗██╗  ██╗
██╔════╝╚══██╔══╝██╔══██╗    ██╔════╝              ██╔══██╗██╔════╝██╔══██╗██║   ██║╚██╗██╔╝
██║  ███╗  ██║   ███████║    ███████╗    █████╗    ██████╔╝█████╗  ██║  ██║██║   ██║ ╚███╔╝ 
██║   ██║  ██║   ██╔══██║    ╚════██║    ╚════╝    ██╔══██╗██╔══╝  ██║  ██║██║   ██║ ██╔██╗ 
╚██████╔╝  ██║   ██║  ██║    ███████║              ██║  ██║███████╗██████╔╝╚██████╔╝██╔╝ ██╗
 ╚═════╝   ╚═╝   ╚═╝  ╚═╝    ╚══════╝              ╚═╝  ╚═╝╚══════╝╚═════╝  ╚═════╝ ╚═╝  ╚═╝
╔╗ ┬ ┬   ╦┌─┐┌─┐┬ ┬  ╦═╗┌─┐┌┬┐┬┌┬┐┌─┐
╠╩╗└┬┘   ║│ │└─┐├─┤  ╠╦╝│ │││││ │ │ │
╚═╝ ┴   ╚╝└─┘└─┘┴ ┴  ╩╚═└─┘┴ ┴┴ ┴ └─┘
DO NOT RE-UPLOAD,MODIFY, EDIT, 
OR USE THESE FILES IN YOUR OWN MODS WITHOUT MY PERMISSION. 
THIS PROJECT IS EXCLUSIVE TO GTA5REDUX.COM                                                                                           
																						   -->
<timecycle_modifier_data version="1.000000">
  <modifier name="polluted" numMods="14" userFlags="0">
    <light_ray_mult>8.000 0.480</light_ray_mult>
    <dof_far>400.000 0.000</dof_far>
    <dof_blur_far>0.500 0.000</dof_blur_far>
    <fog_start>-1000.000 150.000</fog_start>
    <fog_near_col_r>0.137 0.100</fog_near_col_r>
    <fog_near_col_g>0.102 0.100</fog_near_col_g>
    <fog_near_col_b>0.016 0.100</fog_near_col_b>
    <fog_near_col_a>1.000 0.100</fog_near_col_a>
    <fog_east_col_r>0.137 0.100</fog_east_col_r>
    <fog_east_col_g>0.102 0.100</fog_east_col_g>
    <fog_east_col_b>0.016 0.100</fog_east_col_b>
    <fog_east_col_a>1.000 0.100</fog_east_col_a>
    <fog_falloff>0.000 7.000</fog_falloff>
    <fog_density>2.000 2.000</fog_density>
  </modifier>
  <modifier name="lightning" numMods="31" userFlags="0">
    <light_dir_col_r>0.725 0.173</light_dir_col_r>
    <light_dir_col_g>0.725 0.156</light_dir_col_g>
    <light_dir_col_b>0.725 0.255</light_dir_col_b>
    <light_dir_mult>16.000 1.000</light_dir_mult>
    <light_directional_amb_col_r>0.725 0.173</light_directional_amb_col_r>
    <light_directional_amb_col_g>0.875 0.156</light_directional_amb_col_g>
    <light_directional_amb_col_b>1.075 0.255</light_directional_amb_col_b>
    <ped_light_col_r>0.725 0.373</ped_light_col_r>
    <ped_light_col_g>0.725 0.356</ped_light_col_g>
    <ped_light_col_b>0.725 0.455</ped_light_col_b>
    <ped_light_mult>0.400 1.000</ped_light_mult>
    <light_ray_col_r>0.725 0.173</light_ray_col_r>
    <light_ray_col_g>0.725 0.156</light_ray_col_g>
    <light_ray_col_b>0.725 0.255</light_ray_col_b>
    <light_ray_mult>3.808 1.000</light_ray_mult>
    <light_ray_blit_size>10.000 0.000</light_ray_blit_size>
    <light_ray_length>8.000 0.000</light_ray_length>
    <postfx_intensity_bloom>1.000 0.000</postfx_intensity_bloom>
    <sky_hdr>25.000 0.000</sky_hdr>
    <fog_start>0.000 0.000</fog_start>
    <fog_near_col_r>0.078 0.950</fog_near_col_r>
    <fog_near_col_g>0.145 0.950</fog_near_col_g>
    <fog_near_col_b>0.427 0.950</fog_near_col_b>
    <fog_near_col_a>1.000 0.950</fog_near_col_a>
    <fog_col_r>0.322 0.100</fog_col_r>
    <fog_col_g>0.718 0.100</fog_col_g>
    <fog_col_b>1.000 0.100</fog_col_b>
    <fog_col_a>1.000 0.100</fog_col_a>
    <fog_hdr>11.000 0.050</fog_hdr>
    <reflection_tweak_directional>0.302 0.000</reflection_tweak_directional>
    <particle_light_intensity_mult>0.600 1.000</particle_light_intensity_mult>
  </modifier>
  <modifier name="torpedo" numMods="12" userFlags="0">
    <postfx_exposure>0.000 0.000</postfx_exposure>
    <postfx_bright_pass_thresh>3.000 0.000</postfx_bright_pass_thresh>
    <postfx_intensity_bloom>0.500 0.000</postfx_intensity_bloom>
    <postfx_desaturation>1.000 0.000</postfx_desaturation>
    <postfx_noise>0.000 0.000</postfx_noise>
    <postfx_vignetting_intensity>1.000 0.000</postfx_vignetting_intensity>
    <postfx_vignetting_radius>8.000 0.000</postfx_vignetting_radius>
    <postfx_vignetting_col_r>0.000 0.000</postfx_vignetting_col_r>
    <postfx_vignetting_col_g>1.000 0.000</postfx_vignetting_col_g>
    <postfx_vignetting_col_b>0.765 0.000</postfx_vignetting_col_b>
    <postfx_grad_top_middle_midpoint>0.830 0.000</postfx_grad_top_middle_midpoint>
    <postfx_grad_middle_bottom_midpoint>0.810 0.000</postfx_grad_middle_bottom_midpoint>
  </modifier>
  <modifier name="NEW_shrinksOffice" numMods="54" userFlags="0">
    <light_directional_amb_bounce_enabled>0.000 0.000</light_directional_amb_bounce_enabled>
    <light_amb_down_wrap>0.200 0.000</light_amb_down_wrap>
    <light_artificial_int_down_col_r>1.000 1.000</light_artificial_int_down_col_r>
    <light_artificial_int_down_col_g>0.800 1.000</light_artificial_int_down_col_g>
    <light_artificial_int_down_col_b>0.224 1.000</light_artificial_int_down_col_b>
    <light_artificial_int_down_intensity>0.100 0.000</light_artificial_int_down_intensity>
    <light_artificial_int_up_col_r>0.878 1.000</light_artificial_int_up_col_r>
    <light_artificial_int_up_col_g>0.961 1.000</light_artificial_int_up_col_g>
    <light_artificial_int_up_col_b>0.682 1.000</light_artificial_int_up_col_b>
    <light_artificial_int_up_intensity>0.300 0.000</light_artificial_int_up_intensity>
    <ped_light_col_r>0.878 1.000</ped_light_col_r>
    <ped_light_col_g>1.000 1.000</ped_light_col_g>
    <ped_light_col_b>0.502 1.000</ped_light_col_b>
    <ped_light_mult>0.070 0.500</ped_light_mult>
    <light_amb_occ_mult_ped>1.000 0.000</light_amb_occ_mult_ped>
    <light_amb_volumes_in_diffuse>1.000 0.000</light_amb_volumes_in_diffuse>
    <ssao_inten>0.000 0.000</ssao_inten>
    <ssao_type>0.000 0.000</ssao_type>
    <light_ped_rim_mult>0.789 0.000</light_ped_rim_mult>
    <light_direction_override>1.000 0.000</light_direction_override>
    <sun_direction_x>-1.000 0.000</sun_direction_x>
    <sun_direction_y>-0.380 0.000</sun_direction_y>
    <sun_direction_z>0.400 0.000</sun_direction_z>
    <postfx_exposure>-1.000 0.000</postfx_exposure>
    <postfx_bright_pass_thresh_width>0.600 0.000</postfx_bright_pass_thresh_width>
    <postfx_bright_pass_thresh>0.700 0.000</postfx_bright_pass_thresh>
    <postfx_intensity_bloom>0.300 0.000</postfx_intensity_bloom>
    <dir_shadow_num_cascades>3.000 0.000</dir_shadow_num_cascades>
    <dir_shadow_distance_multiplier>0.300 0.000</dir_shadow_distance_multiplier>
    <water_reflection_far_clip>0.000 0.000</water_reflection_far_clip>
    <water_foam_intensity_mult>0.000 0.000</water_foam_intensity_mult>
    <fog_start>0.000 0.000</fog_start>
    <fog_haze_density>7.000 7.003</fog_haze_density>
    <fog_haze_alpha>1.000 1.000</fog_haze_alpha>
    <fog_shadow_amount>0.000 0.000</fog_shadow_amount>
    <reflection_lod_range_start>-1.000 0.000</reflection_lod_range_start>
    <reflection_lod_range_end>-1.000 0.000</reflection_lod_range_end>
    <reflection_slod_range_start>-1.000 0.000</reflection_slod_range_start>
    <reflection_slod_range_end>-1.000 0.000</reflection_slod_range_end>
    <reflection_interior_range>20.000 0.000</reflection_interior_range>
    <reflection_tweak_interior_amb>10.000 0.000</reflection_tweak_interior_amb>
    <reflection_tweak_emissive>12.000 0.000</reflection_tweak_emissive>
    <reflection_tweak_directional>0.000 0.000</reflection_tweak_directional>
    <reflection_hdr_mult>0.600 0.000</reflection_hdr_mult>
    <far_clip>3500.000 3500.000</far_clip>
    <temperature>20.000 0.000</temperature>
    <natural_ambient_multiplier>0.100 0.000</natural_ambient_multiplier>
    <artificial_int_ambient_multiplier>1.000 0.000</artificial_int_ambient_multiplier>
    <light_falloff_mult>0.001 0.000</light_falloff_mult>
    <lodlight_range_mult>0.001 0.000</lodlight_range_mult>
    <lod_mult_slod1>0.308 0.000</lod_mult_slod1>
    <lod_mult_slod2>0.328 0.000</lod_mult_slod2>
    <lod_mult_slod3>0.100 0.000</lod_mult_slod3>
    <lod_mult_slod4>0.100 0.000</lod_mult_slod4>
  </modifier>
  <modifier name="Facebook_NEW" numMods="26" userFlags="0">
    <light_natural_amb_down_col_r>0.278 0.507</light_natural_amb_down_col_r>
    <light_natural_amb_down_col_g>0.812 0.507</light_natural_amb_down_col_g>
    <light_natural_amb_down_col_b>0.624 0.507</light_natural_amb_down_col_b>
    <light_natural_amb_up_col_r>0.278 0.500</light_natural_amb_up_col_r>
    <light_natural_amb_up_col_g>0.812 0.500</light_natural_amb_up_col_g>
    <light_natural_amb_up_col_b>0.624 0.500</light_natural_amb_up_col_b>
    <light_artificial_int_down_col_r>0.910 1.000</light_artificial_int_down_col_r>
    <light_artificial_int_down_col_g>0.831 1.000</light_artificial_int_down_col_g>
    <light_artificial_int_down_col_b>0.675 1.000</light_artificial_int_down_col_b>
    <light_artificial_int_down_intensity>0.700 0.000</light_artificial_int_down_intensity>
    <light_artificial_int_up_col_r>0.835 1.000</light_artificial_int_up_col_r>
    <light_artificial_int_up_col_g>0.859 1.000</light_artificial_int_up_col_g>
    <light_artificial_int_up_col_b>0.875 1.000</light_artificial_int_up_col_b>
    <light_artificial_int_up_intensity>0.300 0.000</light_artificial_int_up_intensity>
    <ssao_inten>5.000 0.000</ssao_inten>
    <light_ped_rim_mult>0.200 0.000</light_ped_rim_mult>
    <postfx_bright_pass_thresh_width>0.600 0.000</postfx_bright_pass_thresh_width>
    <postfx_bright_pass_thresh>0.900 0.000</postfx_bright_pass_thresh>
    <postfx_intensity_bloom>0.500 0.000</postfx_intensity_bloom>
    <lens_artefacts_intensity>0.050 0.000</lens_artefacts_intensity>
    <fog_start>0.000 0.000</fog_start>
    <reflection_tweak_interior_amb>16.000 0.000</reflection_tweak_interior_amb>
    <reflection_tweak_directional>0.000 0.000</reflection_tweak_directional>
    <temperature>20.000 0.000</temperature>
    <natural_ambient_multiplier>0.200 0.000</natural_ambient_multiplier>
    <artificial_int_ambient_multiplier>1.000 0.000</artificial_int_ambient_multiplier>
  </modifier>
  <modifier name="NEW_trevorstrailer" numMods="30" userFlags="0">
    <light_amb_down_wrap>0.200 0.000</light_amb_down_wrap>
    <light_artificial_int_down_col_r>0.918 1.000</light_artificial_int_down_col_r>
    <light_artificial_int_down_col_g>0.792 1.000</light_artificial_int_down_col_g>
    <light_artificial_int_down_col_b>0.416 1.000</light_artificial_int_down_col_b>
    <light_artificial_int_down_intensity>1.000 0.000</light_artificial_int_down_intensity>
    <light_artificial_int_up_col_r>0.961 1.000</light_artificial_int_up_col_r>
    <light_artificial_int_up_col_g>0.875 1.000</light_artificial_int_up_col_g>
    <light_artificial_int_up_col_b>0.769 1.000</light_artificial_int_up_col_b>
    <light_artificial_int_up_intensity>0.300 0.000</light_artificial_int_up_intensity>
    <light_ped_rim_mult>0.650 0.000</light_ped_rim_mult>
    <postfx_bright_pass_thresh_width>0.600 0.000</postfx_bright_pass_thresh_width>
    <postfx_bright_pass_thresh>0.600 0.000</postfx_bright_pass_thresh>
    <postfx_intensity_bloom>0.500 0.000</postfx_intensity_bloom>
    <lens_artefacts_intensity>0.200 0.000</lens_artefacts_intensity>
    <fog_start>0.000 0.000</fog_start>
    <fog_density>0.000 0.000</fog_density>
    <reflection_lod_range_start>-1.000 0.000</reflection_lod_range_start>
    <reflection_lod_range_end>-1.000 0.000</reflection_lod_range_end>
    <reflection_slod_range_start>-1.000 0.000</reflection_slod_range_start>
    <reflection_slod_range_end>-1.000 0.000</reflection_slod_range_end>
    <far_clip>3000.000 3000.000</far_clip>
    <temperature>20.000 0.000</temperature>
    <natural_ambient_multiplier>0.000 0.000</natural_ambient_multiplier>
    <artificial_int_ambient_multiplier>0.800 0.000</artificial_int_ambient_multiplier>
    <lod_mult_hd>0.455 0.000</lod_mult_hd>
    <lod_mult_lod>0.455 0.000</lod_mult_lod>
    <lod_mult_slod1>0.455 0.000</lod_mult_slod1>
    <lod_mult_slod2>0.455 0.000</lod_mult_slod2>
    <lod_mult_slod3>0.455 0.000</lod_mult_slod3>
    <lod_mult_slod4>0.455 0.000</lod_mult_slod4>
  </modifier>
  <modifier name="New_sewers" numMods="55" userFlags="0">
    <light_amb_down_wrap>0.200 0.000</light_amb_down_wrap>
    <light_artificial_int_down_col_r>0.922 1.000</light_artificial_int_down_col_r>
    <light_artificial_int_down_col_g>0.824 1.000</light_artificial_int_down_col_g>
    <light_artificial_int_down_col_b>0.431 1.000</light_artificial_int_down_col_b>
    <light_artificial_int_down_intensity>1.000 0.000</light_artificial_int_down_intensity>
    <light_artificial_int_up_col_r>0.925 1.000</light_artificial_int_up_col_r>
    <light_artificial_int_up_col_g>0.667 1.000</light_artificial_int_up_col_g>
    <light_artificial_int_up_col_b>0.224 1.000</light_artificial_int_up_col_b>
    <light_artificial_int_up_intensity>0.200 0.000</light_artificial_int_up_intensity>
    <ped_light_col_r>0.733 1.000</ped_light_col_r>
    <ped_light_col_g>1.000 1.000</ped_light_col_g>
    <ped_light_col_b>0.502 1.000</ped_light_col_b>
    <ped_light_mult>0.100 1.000</ped_light_mult>
    <postfx_bright_pass_thresh_width>0.700 0.000</postfx_bright_pass_thresh_width>
    <postfx_bright_pass_thresh>0.700 0.000</postfx_bright_pass_thresh>
    <postfx_intensity_bloom>1.000 0.000</postfx_intensity_bloom>
    <sky_hdr>0.000 0.000</sky_hdr>
    <water_interior>1.000 0.000</water_interior>
    <fog_start>0.000 0.000</fog_start>
    <fog_near_col_r>0.012 1.000</fog_near_col_r>
    <fog_near_col_g>0.604 1.000</fog_near_col_g>
    <fog_near_col_b>1.000 1.000</fog_near_col_b>
    <fog_near_col_a>0.000 1.000</fog_near_col_a>
    <fog_col_r>0.412 1.000</fog_col_r>
    <fog_col_g>0.573 1.000</fog_col_g>
    <fog_col_b>0.773 1.000</fog_col_b>
    <fog_col_a>0.000 1.000</fog_col_a>
    <fog_east_col_r>0.412 1.000</fog_east_col_r>
    <fog_east_col_g>0.573 1.000</fog_east_col_g>
    <fog_east_col_b>0.773 1.000</fog_east_col_b>
    <fog_east_col_a>0.000 1.000</fog_east_col_a>
    <fog_density>0.000 0.000</fog_density>
    <fog_falloff>0.500 0.500</fog_falloff>
    <fog_base_height>0.000 0.000</fog_base_height>
    <fog_alpha>1.000 1.000</fog_alpha>
    <fog_horizon_tint_scale>4.000 4.000</fog_horizon_tint_scale>
    <fog_hdr>0.000 1.000</fog_hdr>
    <fog_haze_col_r>0.004 1.000</fog_haze_col_r>
    <fog_haze_col_g>0.012 1.000</fog_haze_col_g>
    <fog_haze_col_b>0.012 1.000</fog_haze_col_b>
    <fog_haze_density>0.500 0.500</fog_haze_density>
    <fog_haze_alpha>1.000 1.000</fog_haze_alpha>
    <fog_haze_hdr>1.000 1.000</fog_haze_hdr>
    <fog_haze_start>0.000 0.000</fog_haze_start>
    <fog_shadow_amount>0.000 0.000</fog_shadow_amount>
    <fog_shadow_falloff>1.000 0.000</fog_shadow_falloff>
    <fog_shadow_base_height>0.000 0.000</fog_shadow_base_height>
    <reflection_slod_range_end>100.000 0.000</reflection_slod_range_end>
    <reflection_interior_range>100.000 0.000</reflection_interior_range>
    <far_clip>0.000 200.000</far_clip>
    <natural_ambient_multiplier>0.000 0.000</natural_ambient_multiplier>
    <artificial_int_ambient_multiplier>0.300 0.000</artificial_int_ambient_multiplier>
    <no_weather_fx>1.000 0.000</no_weather_fx>
    <no_gpu_fx>1.000 0.000</no_gpu_fx>
    <entity_reject>6000.000 0.000</entity_reject>
  </modifier>
  <modifier name="facebook_serveroom" numMods="30" userFlags="0">
    <light_natural_amb_down_col_r>0.275 0.507</light_natural_amb_down_col_r>
    <light_natural_amb_down_col_g>0.812 0.507</light_natural_amb_down_col_g>
    <light_natural_amb_down_col_b>0.624 0.507</light_natural_amb_down_col_b>
    <light_natural_amb_up_col_r>0.275 0.500</light_natural_amb_up_col_r>
    <light_natural_amb_up_col_g>0.812 0.500</light_natural_amb_up_col_g>
    <light_natural_amb_up_col_b>0.624 0.500</light_natural_amb_up_col_b>
    <light_artificial_int_down_col_r>0.918 1.000</light_artificial_int_down_col_r>
    <light_artificial_int_down_col_g>0.718 1.000</light_artificial_int_down_col_g>
    <light_artificial_int_down_col_b>0.416 1.000</light_artificial_int_down_col_b>
    <light_artificial_int_down_intensity>0.500 0.000</light_artificial_int_down_intensity>
    <light_artificial_int_up_col_r>0.710 1.000</light_artificial_int_up_col_r>
    <light_artificial_int_up_col_g>0.627 1.000</light_artificial_int_up_col_g>
    <light_artificial_int_up_col_b>0.878 1.000</light_artificial_int_up_col_b>
    <light_artificial_int_up_intensity>0.300 0.000</light_artificial_int_up_intensity>
    <ssao_inten>5.000 0.000</ssao_inten>
    <light_ped_rim_mult>0.200 0.000</light_ped_rim_mult>
    <postfx_bright_pass_thresh_width>0.700 0.000</postfx_bright_pass_thresh_width>
    <postfx_bright_pass_thresh>0.700 0.000</postfx_bright_pass_thresh>
    <postfx_intensity_bloom>1.000 0.000</postfx_intensity_bloom>
    <lens_artefacts_intensity>0.000 0.000</lens_artefacts_intensity>
    <fog_start>0.000 0.000</fog_start>
    <reflection_tweak_interior_amb>32.000 0.000</reflection_tweak_interior_amb>
    <far_clip>500.000 500.000</far_clip>
    <temperature>20.000 0.000</temperature>
    <particle_light_intensity_mult>0.000 1.000</particle_light_intensity_mult>
    <natural_ambient_multiplier>0.200 0.000</natural_ambient_multiplier>
    <artificial_int_ambient_multiplier>0.800 0.000</artificial_int_ambient_multiplier>
    <no_weather_fx>0.000 0.000</no_weather_fx>
    <no_gpu_fx>0.000 0.000</no_gpu_fx>
    <wind_speed_mult>0.000 0.000</wind_speed_mult>
  </modifier>
  <modifier name="V_Office_smoke_Fire" numMods="17" userFlags="0">
    <light_directional_amb_col_r>0.000 1.000</light_directional_amb_col_r>
    <light_directional_amb_col_g>0.000 1.000</light_directional_amb_col_g>
    <light_directional_amb_col_b>0.000 1.000</light_directional_amb_col_b>
    <light_artificial_int_down_col_r>0.890 1.000</light_artificial_int_down_col_r>
    <light_artificial_int_down_col_g>0.890 1.000</light_artificial_int_down_col_g>
    <light_artificial_int_down_col_b>0.749 1.000</light_artificial_int_down_col_b>
    <light_artificial_int_down_intensity>0.150 0.000</light_artificial_int_down_intensity>
    <light_artificial_int_up_col_r>0.871 1.000</light_artificial_int_up_col_r>
    <light_artificial_int_up_col_g>0.843 1.000</light_artificial_int_up_col_g>
    <light_artificial_int_up_col_b>0.714 1.000</light_artificial_int_up_col_b>
    <light_artificial_int_up_intensity>0.170 0.000</light_artificial_int_up_intensity>
    <postfx_bright_pass_thresh_width>0.000 0.000</postfx_bright_pass_thresh_width>
    <postfx_bright_pass_thresh>0.000 0.000</postfx_bright_pass_thresh>
    <postfx_intensity_bloom>0.125 0.000</postfx_intensity_bloom>
    <particle_light_intensity_mult>1.000 1.000</particle_light_intensity_mult>
    <natural_ambient_multiplier>0.100 0.000</natural_ambient_multiplier>
    <artificial_int_ambient_multiplier>0.275 0.000</artificial_int_ambient_multiplier>
  </modifier>
  <modifier name="V_FIB_IT3_alt5" numMods="23" userFlags="0">
    <light_directional_amb_col_r>0.000 1.000</light_directional_amb_col_r>
    <light_directional_amb_col_g>0.000 1.000</light_directional_amb_col_g>
    <light_directional_amb_col_b>0.000 1.000</light_directional_amb_col_b>
    <light_amb_down_wrap>0.800 0.000</light_amb_down_wrap>
    <light_artificial_int_down_col_r>0.980 1.000</light_artificial_int_down_col_r>
    <light_artificial_int_down_col_g>0.824 1.000</light_artificial_int_down_col_g>
    <light_artificial_int_down_col_b>0.416 1.000</light_artificial_int_down_col_b>
    <light_artificial_int_down_intensity>0.250 0.000</light_artificial_int_down_intensity>
    <light_artificial_int_up_col_r>0.980 1.000</light_artificial_int_up_col_r>
    <light_artificial_int_up_col_g>0.718 1.000</light_artificial_int_up_col_g>
    <light_artificial_int_up_col_b>0.408 1.000</light_artificial_int_up_col_b>
    <light_artificial_int_up_intensity>0.200 0.000</light_artificial_int_up_intensity>
    <ped_light_col_r>1.000 1.000</ped_light_col_r>
    <ped_light_col_g>0.259 1.000</ped_light_col_g>
    <ped_light_col_b>0.008 1.000</ped_light_col_b>
    <ped_light_mult>0.300 1.000</ped_light_mult>
    <postfx_bright_pass_thresh_width>1.000 0.000</postfx_bright_pass_thresh_width>
    <postfx_bright_pass_thresh>1.000 0.000</postfx_bright_pass_thresh>
    <postfx_intensity_bloom>0.500 0.000</postfx_intensity_bloom>
    <reflection_interior_range>100.000 0.000</reflection_interior_range>
    <particle_light_intensity_mult>1.000 1.000</particle_light_intensity_mult>
    <natural_ambient_multiplier>0.000 0.000</natural_ambient_multiplier>
    <artificial_int_ambient_multiplier>0.375 0.000</artificial_int_ambient_multiplier>
  </modifier>
  <modifier name="int_Hospital_DM" numMods="20" userFlags="0">
    <light_directional_amb_col_r>0.000 1.000</light_directional_amb_col_r>
    <light_directional_amb_col_g>0.000 1.000</light_directional_amb_col_g>
    <light_directional_amb_col_b>0.000 1.000</light_directional_amb_col_b>
    <light_amb_down_wrap>0.531 0.000</light_amb_down_wrap>
    <light_artificial_int_down_col_r>0.875 1.000</light_artificial_int_down_col_r>
    <light_artificial_int_down_col_g>0.910 1.000</light_artificial_int_down_col_g>
    <light_artificial_int_down_col_b>0.894 1.000</light_artificial_int_down_col_b>
    <light_artificial_int_down_intensity>1.250 0.000</light_artificial_int_down_intensity>
    <light_artificial_int_up_col_r>0.839 1.000</light_artificial_int_up_col_r>
    <light_artificial_int_up_col_g>0.859 1.000</light_artificial_int_up_col_g>
    <light_artificial_int_up_col_b>0.875 1.000</light_artificial_int_up_col_b>
    <light_artificial_int_up_intensity>0.300 0.000</light_artificial_int_up_intensity>
    <ssao_inten>0.000 0.000</ssao_inten>
    <postfx_exposure>0.192 0.000</postfx_exposure>
    <postfx_bright_pass_thresh>1.000 0.000</postfx_bright_pass_thresh>
    <postfx_intensity_bloom>0.250 0.000</postfx_intensity_bloom>
    <far_clip>0.000 200.000</far_clip>
    <temperature>20.000 0.000</temperature>
    <natural_ambient_multiplier>0.300 0.000</natural_ambient_multiplier>
    <artificial_int_ambient_multiplier>0.000 0.000</artificial_int_ambient_multiplier>
  </modifier>
  <modifier name="int_Hospital2_DM" numMods="30" userFlags="0">
    <light_directional_amb_col_r>0.000 1.000</light_directional_amb_col_r>
    <light_directional_amb_col_g>0.000 1.000</light_directional_amb_col_g>
    <light_directional_amb_col_b>0.000 1.000</light_directional_amb_col_b>
    <light_amb_down_wrap>0.358 0.000</light_amb_down_wrap>
    <light_artificial_int_down_col_r>0.875 1.000</light_artificial_int_down_col_r>
    <light_artificial_int_down_col_g>0.910 1.000</light_artificial_int_down_col_g>
    <light_artificial_int_down_col_b>0.890 1.000</light_artificial_int_down_col_b>
    <light_artificial_int_down_intensity>0.000 0.000</light_artificial_int_down_intensity>
    <light_artificial_int_up_col_r>0.835 1.000</light_artificial_int_up_col_r>
    <light_artificial_int_up_col_g>0.859 1.000</light_artificial_int_up_col_g>
    <light_artificial_int_up_col_b>0.875 1.000</light_artificial_int_up_col_b>
    <light_artificial_int_up_intensity>0.250 0.000</light_artificial_int_up_intensity>
    <ssao_inten>0.000 0.000</ssao_inten>
    <postfx_exposure>0.192 0.000</postfx_exposure>
    <postfx_bright_pass_thresh_width>1.000 0.000</postfx_bright_pass_thresh_width>
    <postfx_bright_pass_thresh>1.000 0.000</postfx_bright_pass_thresh>
    <postfx_intensity_bloom>0.200 0.000</postfx_intensity_bloom>
    <postfx_grad_top_col_r>0.000 0.000</postfx_grad_top_col_r>
    <postfx_grad_top_col_g>0.325 0.000</postfx_grad_top_col_g>
    <postfx_grad_top_col_b>1.000 0.000</postfx_grad_top_col_b>
    <postfx_grad_middle_col_r>0.561 0.000</postfx_grad_middle_col_r>
    <postfx_grad_middle_col_g>0.886 0.000</postfx_grad_middle_col_g>
    <postfx_grad_middle_col_b>1.000 0.000</postfx_grad_middle_col_b>
    <postfx_grad_midpoint>0.000 0.000</postfx_grad_midpoint>
    <postfx_grad_top_middle_midpoint>0.241 0.000</postfx_grad_top_middle_midpoint>
    <reflection_tweak_interior_amb>64.000 0.000</reflection_tweak_interior_amb>
    <far_clip>0.000 200.000</far_clip>
    <temperature>20.000 0.000</temperature>
    <natural_ambient_multiplier>0.075 0.000</natural_ambient_multiplier>
    <artificial_int_ambient_multiplier>0.625 0.000</artificial_int_ambient_multiplier>
  </modifier>
  <modifier name="int_Barber1" numMods="27" userFlags="0">
    <light_directional_amb_col_r>0.000 1.000</light_directional_amb_col_r>
    <light_directional_amb_col_g>0.000 1.000</light_directional_amb_col_g>
    <light_directional_amb_col_b>0.000 1.000</light_directional_amb_col_b>
    <light_artificial_int_down_col_r>0.918 1.000</light_artificial_int_down_col_r>
    <light_artificial_int_down_col_g>0.816 1.000</light_artificial_int_down_col_g>
    <light_artificial_int_down_col_b>0.502 1.000</light_artificial_int_down_col_b>
    <light_artificial_int_down_intensity>0.700 0.000</light_artificial_int_down_intensity>
    <light_artificial_int_up_col_r>1.000 1.000</light_artificial_int_up_col_r>
    <light_artificial_int_up_col_g>0.800 1.000</light_artificial_int_up_col_g>
    <light_artificial_int_up_col_b>0.471 1.000</light_artificial_int_up_col_b>
    <light_artificial_int_up_intensity>0.700 0.000</light_artificial_int_up_intensity>
    <ped_light_col_r>0.549 1.000</ped_light_col_r>
    <ped_light_col_g>0.761 1.000</ped_light_col_g>
    <ped_light_col_b>1.000 1.000</ped_light_col_b>
    <ped_light_mult>0.700 1.000</ped_light_mult>
    <postfx_bright_pass_thresh_width>1.000 0.000</postfx_bright_pass_thresh_width>
    <postfx_bright_pass_thresh>0.500 0.000</postfx_bright_pass_thresh>
    <postfx_intensity_bloom>0.300 0.000</postfx_intensity_bloom>
    <dir_shadow_num_cascades>3.000 0.000</dir_shadow_num_cascades>
    <fog_start>0.000 0.000</fog_start>
    <reflection_lod_range_start>0.000 0.000</reflection_lod_range_start>
    <reflection_lod_range_end>0.000 0.000</reflection_lod_range_end>
    <reflection_slod_range_start>0.000 0.000</reflection_slod_range_start>
    <reflection_slod_range_end>0.000 0.000</reflection_slod_range_end>
    <temperature>20.000 0.000</temperature>
    <natural_ambient_multiplier>0.300 0.000</natural_ambient_multiplier>
    <artificial_int_ambient_multiplier>1.000 0.000</artificial_int_ambient_multiplier>
  </modifier>
  <modifier name="int_tattoo_B" numMods="32" userFlags="0">
    <light_directional_amb_col_r>1.000 0.910</light_directional_amb_col_r>
    <light_directional_amb_col_g>0.910 0.910</light_directional_amb_col_g>
    <light_directional_amb_col_b>0.455 0.910</light_directional_amb_col_b>
    <light_amb_down_wrap>0.641 0.000</light_amb_down_wrap>
    <light_artificial_int_down_col_r>0.890 1.000</light_artificial_int_down_col_r>
    <light_artificial_int_down_col_g>0.875 1.000</light_artificial_int_down_col_g>
    <light_artificial_int_down_col_b>0.675 1.000</light_artificial_int_down_col_b>
    <light_artificial_int_down_intensity>1.300 0.000</light_artificial_int_down_intensity>
    <light_artificial_int_up_col_r>1.000 1.000</light_artificial_int_up_col_r>
    <light_artificial_int_up_col_g>0.824 1.000</light_artificial_int_up_col_g>
    <light_artificial_int_up_col_b>0.522 1.000</light_artificial_int_up_col_b>
    <light_artificial_int_up_intensity>1.300 0.000</light_artificial_int_up_intensity>
    <ped_light_col_r>0.941 1.000</ped_light_col_r>
    <ped_light_col_g>1.000 1.000</ped_light_col_g>
    <ped_light_col_b>0.180 1.000</ped_light_col_b>
    <ped_light_mult>0.200 1.000</ped_light_mult>
    <postfx_exposure>-0.252 0.000</postfx_exposure>
    <postfx_bright_pass_thresh_width>0.400 0.000</postfx_bright_pass_thresh_width>
    <postfx_bright_pass_thresh>0.500 0.000</postfx_bright_pass_thresh>
    <postfx_intensity_bloom>0.500 0.000</postfx_intensity_bloom>
    <dir_shadow_num_cascades>3.000 0.000</dir_shadow_num_cascades>
    <dir_shadow_distance_multiplier>0.700 0.000</dir_shadow_distance_multiplier>
    <fog_start>0.000 0.000</fog_start>
    <reflection_lod_range_start>0.000 0.000</reflection_lod_range_start>
    <reflection_lod_range_end>0.000 0.000</reflection_lod_range_end>
    <reflection_slod_range_start>0.000 0.000</reflection_slod_range_start>
    <reflection_slod_range_end>0.000 0.000</reflection_slod_range_end>
    <reflection_tweak_interior_amb>15.000 0.000</reflection_tweak_interior_amb>
    <far_clip>150.000 150.000</far_clip>
    <temperature>20.000 0.000</temperature>
    <natural_ambient_multiplier>0.000 0.000</natural_ambient_multiplier>
    <artificial_int_ambient_multiplier>0.500 0.000</artificial_int_ambient_multiplier>
  </modifier>
  <modifier name="glasses_black" numMods="15" userFlags="0">
    <postfx_intensity_bloom>0.100 0.000</postfx_intensity_bloom>
    <postfx_correct_col_r>1.000 0.000</postfx_correct_col_r>
    <postfx_correct_col_g>0.914 0.000</postfx_correct_col_g>
    <postfx_correct_col_b>0.827 0.000</postfx_correct_col_b>
    <postfx_correct_cutoff>0.000 0.000</postfx_correct_cutoff>
    <postfx_shift_col_r>0.000 0.537</postfx_shift_col_r>
    <postfx_shift_col_g>0.000 0.537</postfx_shift_col_g>
    <postfx_shift_col_b>0.000 0.537</postfx_shift_col_b>
    <postfx_shift_cutoff>8.000 0.000</postfx_shift_cutoff>
    <postfx_vignetting_intensity>0.965 0.000</postfx_vignetting_intensity>
    <postfx_vignetting_radius>10.000 0.000</postfx_vignetting_radius>
    <postfx_vignetting_contrast>0.000 0.000</postfx_vignetting_contrast>
    <postfx_vignetting_col_r>0.024 0.000</postfx_vignetting_col_r>
    <postfx_vignetting_col_g>0.024 0.000</postfx_vignetting_col_g>
    <postfx_vignetting_col_b>0.024 0.000</postfx_vignetting_col_b>
  </modifier>
  <modifier name="glasses_brown" numMods="12" userFlags="0">
    <postfx_intensity_bloom>0.100 0.000</postfx_intensity_bloom>
    <postfx_correct_col_r>0.835 0.000</postfx_correct_col_r>
    <postfx_correct_col_g>0.545 0.000</postfx_correct_col_g>
    <postfx_correct_col_b>0.286 0.000</postfx_correct_col_b>
    <postfx_correct_cutoff>0.000 0.000</postfx_correct_cutoff>
    <postfx_shift_cutoff>0.000 0.000</postfx_shift_cutoff>
    <postfx_vignetting_intensity>0.912 0.000</postfx_vignetting_intensity>
    <postfx_vignetting_radius>10.000 0.000</postfx_vignetting_radius>
    <postfx_vignetting_contrast>0.000 0.000</postfx_vignetting_contrast>
    <postfx_vignetting_col_r>0.220 0.000</postfx_vignetting_col_r>
    <postfx_vignetting_col_g>0.090 0.000</postfx_vignetting_col_g>
    <postfx_vignetting_col_b>0.008 0.000</postfx_vignetting_col_b>
  </modifier>
  <modifier name="glasses_blue" numMods="15" userFlags="0">
    <postfx_intensity_bloom>0.100 0.000</postfx_intensity_bloom>
    <postfx_correct_col_r>0.541 0.000</postfx_correct_col_r>
    <postfx_correct_col_g>0.729 0.000</postfx_correct_col_g>
    <postfx_correct_col_b>1.000 0.000</postfx_correct_col_b>
    <postfx_correct_cutoff>0.000 0.000</postfx_correct_cutoff>
    <postfx_shift_col_r>0.545 1.000</postfx_shift_col_r>
    <postfx_shift_col_g>0.835 1.000</postfx_shift_col_g>
    <postfx_shift_col_b>1.000 1.000</postfx_shift_col_b>
    <postfx_shift_cutoff>16.000 0.000</postfx_shift_cutoff>
    <postfx_vignetting_intensity>0.776 0.000</postfx_vignetting_intensity>
    <postfx_vignetting_radius>10.000 0.000</postfx_vignetting_radius>
    <postfx_vignetting_contrast>0.000 0.000</postfx_vignetting_contrast>
    <postfx_vignetting_col_r>0.008 0.000</postfx_vignetting_col_r>
    <postfx_vignetting_col_g>0.031 0.000</postfx_vignetting_col_g>
    <postfx_vignetting_col_b>0.220 0.000</postfx_vignetting_col_b>
  </modifier>
  <modifier name="glasses_red" numMods="15" userFlags="0">
    <postfx_intensity_bloom>0.100 0.000</postfx_intensity_bloom>
    <postfx_correct_col_r>1.000 0.000</postfx_correct_col_r>
    <postfx_correct_col_g>0.000 0.000</postfx_correct_col_g>
    <postfx_correct_col_b>0.000 0.000</postfx_correct_col_b>
    <postfx_correct_cutoff>0.000 0.000</postfx_correct_cutoff>
    <postfx_shift_col_r>1.000 1.000</postfx_shift_col_r>
    <postfx_shift_col_g>0.192 1.000</postfx_shift_col_g>
    <postfx_shift_col_b>0.192 1.000</postfx_shift_col_b>
    <postfx_shift_cutoff>16.000 0.000</postfx_shift_cutoff>
    <postfx_vignetting_intensity>1.000 0.000</postfx_vignetting_intensity>
    <postfx_vignetting_radius>10.000 0.000</postfx_vignetting_radius>
    <postfx_vignetting_contrast>0.000 0.000</postfx_vignetting_contrast>
    <postfx_vignetting_col_r>0.259 0.000</postfx_vignetting_col_r>
    <postfx_vignetting_col_g>0.000 0.000</postfx_vignetting_col_g>
    <postfx_vignetting_col_b>0.000 0.000</postfx_vignetting_col_b>
  </modifier>
  <modifier name="glasses_green" numMods="24" userFlags="0">
    <postfx_intensity_bloom>0.100 0.000</postfx_intensity_bloom>
    <postfx_correct_col_r>0.000 0.000</postfx_correct_col_r>
    <postfx_correct_col_g>1.000 0.000</postfx_correct_col_g>
    <postfx_correct_col_b>0.000 0.000</postfx_correct_col_b>
    <postfx_correct_cutoff>0.848 0.000</postfx_correct_cutoff>
    <postfx_shift_col_r>0.478 1.000</postfx_shift_col_r>
    <postfx_shift_col_g>1.000 1.000</postfx_shift_col_g>
    <postfx_shift_col_b>0.373 1.000</postfx_shift_col_b>
    <postfx_shift_cutoff>16.000 0.000</postfx_shift_cutoff>
    <postfx_vignetting_intensity>0.765 0.000</postfx_vignetting_intensity>
    <postfx_vignetting_radius>7.688 0.000</postfx_vignetting_radius>
    <postfx_vignetting_contrast>0.088 0.000</postfx_vignetting_contrast>
    <postfx_vignetting_col_r>0.016 0.000</postfx_vignetting_col_r>
    <postfx_vignetting_col_g>0.259 0.000</postfx_vignetting_col_g>
    <postfx_vignetting_col_b>0.000 0.000</postfx_vignetting_col_b>
    <postfx_grad_top_col_r>1.000 0.000</postfx_grad_top_col_r>
    <postfx_grad_top_col_g>0.549 0.000</postfx_grad_top_col_g>
    <postfx_grad_top_col_b>0.059 0.000</postfx_grad_top_col_b>
    <postfx_grad_middle_col_r>1.000 0.000</postfx_grad_middle_col_r>
    <postfx_grad_middle_col_g>1.000 0.000</postfx_grad_middle_col_g>
    <postfx_grad_middle_col_b>1.000 0.000</postfx_grad_middle_col_b>
    <postfx_grad_bottom_col_r>0.000 0.000</postfx_grad_bottom_col_r>
    <postfx_grad_bottom_col_g>0.667 0.000</postfx_grad_bottom_col_g>
    <postfx_grad_bottom_col_b>1.000 0.000</postfx_grad_bottom_col_b>
  </modifier>
  <modifier name="glasses_yellow" numMods="24" userFlags="0">
    <postfx_intensity_bloom>0.100 0.000</postfx_intensity_bloom>
    <postfx_correct_col_r>0.000 0.000</postfx_correct_col_r>
    <postfx_correct_col_g>1.000 0.000</postfx_correct_col_g>
    <postfx_correct_col_b>0.000 0.000</postfx_correct_col_b>
    <postfx_correct_cutoff>0.848 0.000</postfx_correct_cutoff>
    <postfx_shift_col_r>1.000 1.000</postfx_shift_col_r>
    <postfx_shift_col_g>0.961 1.000</postfx_shift_col_g>
    <postfx_shift_col_b>0.373 1.000</postfx_shift_col_b>
    <postfx_shift_cutoff>16.000 0.000</postfx_shift_cutoff>
    <postfx_vignetting_intensity>0.765 0.000</postfx_vignetting_intensity>
    <postfx_vignetting_radius>7.688 0.000</postfx_vignetting_radius>
    <postfx_vignetting_contrast>0.088 0.000</postfx_vignetting_contrast>
    <postfx_vignetting_col_r>0.247 0.000</postfx_vignetting_col_r>
    <postfx_vignetting_col_g>0.259 0.000</postfx_vignetting_col_g>
    <postfx_vignetting_col_b>0.000 0.000</postfx_vignetting_col_b>
    <postfx_grad_top_col_r>1.000 0.000</postfx_grad_top_col_r>
    <postfx_grad_top_col_g>0.549 0.000</postfx_grad_top_col_g>
    <postfx_grad_top_col_b>0.059 0.000</postfx_grad_top_col_b>
    <postfx_grad_middle_col_r>1.000 0.000</postfx_grad_middle_col_r>
    <postfx_grad_middle_col_g>1.000 0.000</postfx_grad_middle_col_g>
    <postfx_grad_middle_col_b>1.000 0.000</postfx_grad_middle_col_b>
    <postfx_grad_bottom_col_r>0.482 0.000</postfx_grad_bottom_col_r>
    <postfx_grad_bottom_col_g>1.000 0.000</postfx_grad_bottom_col_g>
    <postfx_grad_bottom_col_b>0.000 0.000</postfx_grad_bottom_col_b>
  </modifier>
  <modifier name="glasses_purple" numMods="24" userFlags="0">
    <postfx_intensity_bloom>0.100 0.000</postfx_intensity_bloom>
    <postfx_correct_col_r>0.000 0.000</postfx_correct_col_r>
    <postfx_correct_col_g>0.000 0.000</postfx_correct_col_g>
    <postfx_correct_col_b>1.000 0.000</postfx_correct_col_b>
    <postfx_correct_cutoff>0.848 0.000</postfx_correct_cutoff>
    <postfx_shift_col_r>0.549 1.000</postfx_shift_col_r>
    <postfx_shift_col_g>0.373 1.000</postfx_shift_col_g>
    <postfx_shift_col_b>1.000 1.000</postfx_shift_col_b>
    <postfx_shift_cutoff>16.000 0.000</postfx_shift_cutoff>
    <postfx_vignetting_intensity>0.765 0.000</postfx_vignetting_intensity>
    <postfx_vignetting_radius>7.688 0.000</postfx_vignetting_radius>
    <postfx_vignetting_contrast>0.088 0.000</postfx_vignetting_contrast>
    <postfx_vignetting_col_r>0.024 0.000</postfx_vignetting_col_r>
    <postfx_vignetting_col_g>0.000 0.000</postfx_vignetting_col_g>
    <postfx_vignetting_col_b>0.259 0.000</postfx_vignetting_col_b>
    <postfx_grad_top_col_r>0.710 0.000</postfx_grad_top_col_r>
    <postfx_grad_top_col_g>0.055 0.000</postfx_grad_top_col_g>
    <postfx_grad_top_col_b>1.000 0.000</postfx_grad_top_col_b>
    <postfx_grad_middle_col_r>1.000 0.000</postfx_grad_middle_col_r>
    <postfx_grad_middle_col_g>1.000 0.000</postfx_grad_middle_col_g>
    <postfx_grad_middle_col_b>1.000 0.000</postfx_grad_middle_col_b>
    <postfx_grad_bottom_col_r>0.000 0.000</postfx_grad_bottom_col_r>
    <postfx_grad_bottom_col_g>0.055 0.000</postfx_grad_bottom_col_g>
    <postfx_grad_bottom_col_b>1.000 0.000</postfx_grad_bottom_col_b>
  </modifier>
  <modifier name="glasses_pink" numMods="26" userFlags="0">
    <postfx_intensity_bloom>0.100 0.000</postfx_intensity_bloom>
    <postfx_correct_col_r>1.000 0.000</postfx_correct_col_r>
    <postfx_correct_col_g>0.000 0.000</postfx_correct_col_g>
    <postfx_correct_col_b>0.000 0.000</postfx_correct_col_b>
    <postfx_correct_cutoff>0.848 0.000</postfx_correct_cutoff>
    <postfx_shift_col_r>1.000 1.000</postfx_shift_col_r>
    <postfx_shift_col_g>0.373 1.000</postfx_shift_col_g>
    <postfx_shift_col_b>0.373 1.000</postfx_shift_col_b>
    <postfx_shift_cutoff>16.000 0.000</postfx_shift_cutoff>
    <postfx_vignetting_intensity>0.747 0.000</postfx_vignetting_intensity>
    <postfx_vignetting_radius>7.688 0.000</postfx_vignetting_radius>
    <postfx_vignetting_contrast>0.088 0.000</postfx_vignetting_contrast>
    <postfx_vignetting_col_r>1.000 0.000</postfx_vignetting_col_r>
    <postfx_vignetting_col_g>0.055 0.000</postfx_vignetting_col_g>
    <postfx_vignetting_col_b>0.055 0.000</postfx_vignetting_col_b>
    <postfx_grad_top_col_r>1.000 0.000</postfx_grad_top_col_r>
    <postfx_grad_top_col_g>0.165 0.000</postfx_grad_top_col_g>
    <postfx_grad_top_col_b>0.690 0.000</postfx_grad_top_col_b>
    <postfx_grad_middle_col_r>1.000 0.000</postfx_grad_middle_col_r>
    <postfx_grad_middle_col_g>1.000 0.000</postfx_grad_middle_col_g>
    <postfx_grad_middle_col_b>1.000 0.000</postfx_grad_middle_col_b>
    <postfx_grad_bottom_col_r>1.000 0.000</postfx_grad_bottom_col_r>
    <postfx_grad_bottom_col_g>0.141 0.000</postfx_grad_bottom_col_g>
    <postfx_grad_bottom_col_b>0.800 0.000</postfx_grad_bottom_col_b>
    <postfx_grad_top_middle_midpoint>0.559 0.000</postfx_grad_top_middle_midpoint>
    <postfx_grad_middle_bottom_midpoint>0.500 0.000</postfx_grad_middle_bottom_midpoint>
  </modifier>
  <modifier name="glasses_orange" numMods="26" userFlags="0">
    <postfx_intensity_bloom>0.100 0.000</postfx_intensity_bloom>
    <postfx_correct_col_r>1.000 0.000</postfx_correct_col_r>
    <postfx_correct_col_g>0.043 0.000</postfx_correct_col_g>
    <postfx_correct_col_b>0.000 0.000</postfx_correct_col_b>
    <postfx_correct_cutoff>0.944 0.000</postfx_correct_cutoff>
    <postfx_shift_col_r>1.000 1.000</postfx_shift_col_r>
    <postfx_shift_col_g>0.431 1.000</postfx_shift_col_g>
    <postfx_shift_col_b>0.000 1.000</postfx_shift_col_b>
    <postfx_shift_cutoff>16.000 0.000</postfx_shift_cutoff>
    <postfx_vignetting_intensity>0.747 0.000</postfx_vignetting_intensity>
    <postfx_vignetting_radius>7.688 0.000</postfx_vignetting_radius>
    <postfx_vignetting_contrast>0.088 0.000</postfx_vignetting_contrast>
    <postfx_vignetting_col_r>1.000 0.000</postfx_vignetting_col_r>
    <postfx_vignetting_col_g>0.055 0.000</postfx_vignetting_col_g>
    <postfx_vignetting_col_b>0.055 0.000</postfx_vignetting_col_b>
    <postfx_grad_top_col_r>1.000 0.000</postfx_grad_top_col_r>
    <postfx_grad_top_col_g>0.443 0.000</postfx_grad_top_col_g>
    <postfx_grad_top_col_b>0.165 0.000</postfx_grad_top_col_b>
    <postfx_grad_middle_col_r>1.000 0.000</postfx_grad_middle_col_r>
    <postfx_grad_middle_col_g>1.000 0.000</postfx_grad_middle_col_g>
    <postfx_grad_middle_col_b>1.000 0.000</postfx_grad_middle_col_b>
    <postfx_grad_bottom_col_r>1.000 0.000</postfx_grad_bottom_col_r>
    <postfx_grad_bottom_col_g>0.600 0.000</postfx_grad_bottom_col_g>
    <postfx_grad_bottom_col_b>0.141 0.000</postfx_grad_bottom_col_b>
    <postfx_grad_top_middle_midpoint>0.559 0.000</postfx_grad_top_middle_midpoint>
    <postfx_grad_middle_bottom_midpoint>0.500 0.000</postfx_grad_middle_bottom_midpoint>
  </modifier>
  <modifier name="WATER_ID2_21" numMods="2" userFlags="0">
    <water_reflection_height_override>55.300 0.000</water_reflection_height_override>
    <water_reflection_height_override_amount>1.000 0.000</water_reflection_height_override_amount>
  </modifier>
  <modifier name="WATER_RichmanStuntJump" numMods="2" userFlags="0">
    <water_reflection_height_override>62.710 0.000</water_reflection_height_override>
    <water_reflection_height_override_amount>1.000 0.000</water_reflection_height_override_amount>
  </modifier>
  <modifier name="CH3_06_water" numMods="2" userFlags="0">
    <water_reflection_height_override>53.400 0.000</water_reflection_height_override>
    <water_reflection_height_override_amount>1.000 0.000</water_reflection_height_override_amount>
  </modifier>
  <modifier name="WATER_refmap_hollywoodlake" numMods="2" userFlags="0">
    <water_reflection_height_override>196.400 0.000</water_reflection_height_override>
    <water_reflection_height_override_amount>1.000 0.000</water_reflection_height_override_amount>
  </modifier>
  <modifier name="WATER_CH2_06_01_03" numMods="2" userFlags="0">
    <water_reflection_height_override>231.500 0.000</water_reflection_height_override>
    <water_reflection_height_override_amount>1.000 0.000</water_reflection_height_override_amount>
  </modifier>
  <modifier name="WATER_CH2_06_02" numMods="2" userFlags="0">
    <water_reflection_height_override>225.670 0.000</water_reflection_height_override>
    <water_reflection_height_override_amount>1.000 0.000</water_reflection_height_override_amount>
  </modifier>
  <modifier name="WATER_CH2_06_04" numMods="2" userFlags="0">
    <water_reflection_height_override>230.380 0.000</water_reflection_height_override>
    <water_reflection_height_override_amount>1.000 0.000</water_reflection_height_override_amount>
  </modifier>
</timecycle_modifier_data>