<?xml version="1.0" encoding="UTF-8"?>
<!-- QuantV 2.1 -->
<CLensFlareSettings>
<arrFlareTypeFX>
<Item>
<arrFlareFX>
<Item>
<fDistFromLight value="0"/>
<fSize value="0.1"/>
<fWidthRotate value="0"/>
<fScrollSpeed value="0.15"/>
<fDistanceInnerOffset value="0"/>
<fIntensityScale value="75"/>
<fIntensityFade value="0"/>
<fAnimorphicScaleFactorU value="0"/>
<fAnimorphicScaleFactorV value="0"/>
<bAnimorphicBehavesLikeArtefact value="false"/>
<bAlignRotationToSun value="false"/>
<color value="0xFFFFFFFF"/>
<fGradientMultiplier value="1"/>
<nTexture value="3"/>
<nSubGroup value="0"/>
<fPositionOffsetU value="0"/>
<fTextureColorDesaturate value="0"/>
</Item>
<Item>
<fDistFromLight value="0"/>
<fSize value="0.03"/>
<fWidthRotate value="-0.06"/>
<fScrollSpeed value="0.15"/>
<fDistanceInnerOffset value="0"/>
<fIntensityScale value="1.4"/>
<fIntensityFade value="0"/>
<fAnimorphicScaleFactorU value="5"/>
<fAnimorphicScaleFactorV value="0"/>
<bAnimorphicBehavesLikeArtefact value="false"/>
<bAlignRotationToSun value="false"/>
<color value="0xFFFFFFFF"/>
<fGradientMultiplier value="1"/>
<nTexture value="0"/>
<nSubGroup value="0"/>
<fPositionOffsetU value="0"/>
<fTextureColorDesaturate value="0"/>
</Item>
<Item>
<fDistFromLight value="0"/>
<fSize value="0.025"/>
<fWidthRotate value="-0.06"/>
<fScrollSpeed value="0.15"/>
<fDistanceInnerOffset value="0"/>
<fIntensityScale value="50"/>
<fIntensityFade value="0"/>
<fAnimorphicScaleFactorU value="0.8"/>
<fAnimorphicScaleFactorV value="0.04"/>
<bAnimorphicBehavesLikeArtefact value="false"/>
<bAlignRotationToSun value="false"/>
<color value="0xFFFFFFFF"/>
<fGradientMultiplier value="1"/>
<nTexture value="0"/>
<nSubGroup value="0"/>
<fPositionOffsetU value="0"/>
<fTextureColorDesaturate value="0"/>
</Item>
<Item>
<fDistFromLight value="0"/>
<fSize value="0.03"/>
<fWidthRotate value="0.26"/>
<fScrollSpeed value="0.15"/>
<fDistanceInnerOffset value="0"/>
<fIntensityScale value="1.5"/>
<fIntensityFade value="0"/>
<fAnimorphicScaleFactorU value="3"/>
<fAnimorphicScaleFactorV value="0"/>
<bAnimorphicBehavesLikeArtefact value="false"/>
<bAlignRotationToSun value="false"/>
<color value="0xFFFFFFFF"/>
<fGradientMultiplier value="1"/>
<nTexture value="0"/>
<nSubGroup value="0"/>
<fPositionOffsetU value="0"/>
<fTextureColorDesaturate value="0"/>
</Item>
<Item>
<fDistFromLight value="0"/>
<fSize value="0.025"/>
<fWidthRotate value="0.26"/>
<fScrollSpeed value="0.15"/>
<fDistanceInnerOffset value="0"/>
<fIntensityScale value="50"/>
<fIntensityFade value="0"/>
<fAnimorphicScaleFactorU value="0.8"/>
<fAnimorphicScaleFactorV value="0.04"/>
<bAnimorphicBehavesLikeArtefact value="false"/>
<bAlignRotationToSun value="false"/>
<color value="0xFFFFFFFF"/>
<fGradientMultiplier value="1"/>
<nTexture value="0"/>
<nSubGroup value="0"/>
<fPositionOffsetU value="0"/>
<fTextureColorDesaturate value="0"/>
</Item>
<Item>
<fDistFromLight value="0"/>
<fSize value="0.03"/>
<fWidthRotate value="-0.4"/>
<fScrollSpeed value="0.15"/>
<fDistanceInnerOffset value="0"/>
<fIntensityScale value="1.5"/>
<fIntensityFade value="2.9"/>
<fAnimorphicScaleFactorU value="3"/>
<fAnimorphicScaleFactorV value="0"/>
<bAnimorphicBehavesLikeArtefact value="false"/>
<bAlignRotationToSun value="false"/>
<color value="0xFFFFFFFF"/>
<fGradientMultiplier value="1"/>
<nTexture value="0"/>
<nSubGroup value="0"/>
<fPositionOffsetU value="0"/>
<fTextureColorDesaturate value="0"/>
</Item>
<Item>
<fDistFromLight value="0"/>
<fSize value="0.025"/>
<fWidthRotate value="-0.4"/>
<fScrollSpeed value="0.15"/>
<fDistanceInnerOffset value="0"/>
<fIntensityScale value="50"/>
<fIntensityFade value="0"/>
<fAnimorphicScaleFactorU value="0.8"/>
<fAnimorphicScaleFactorV value="0.04"/>
<bAnimorphicBehavesLikeArtefact value="false"/>
<bAlignRotationToSun value="false"/>
<color value="0xFFFFFFFF"/>
<fGradientMultiplier value="1"/>
<nTexture value="0"/>
<nSubGroup value="0"/>
<fPositionOffsetU value="0"/>
<fTextureColorDesaturate value="0"/>
</Item>
<Item>
<fDistFromLight value="0.2"/>
<fSize value="0.294"/>
<fWidthRotate value="0.255"/>
<fScrollSpeed value="0.15"/>
<fDistanceInnerOffset value="0.605"/>
<fIntensityScale value="0.19"/>
<fIntensityFade value="0.5"/>
<fAnimorphicScaleFactorU value="0"/>
<fAnimorphicScaleFactorV value="0"/>
<bAnimorphicBehavesLikeArtefact value="false"/>
<bAlignRotationToSun value="false"/>
<color value="0xFFFFFFFF"/>
<fGradientMultiplier value="1"/>
<nTexture value="2"/>
<nSubGroup value="0"/>
<fPositionOffsetU value="0"/>
<fTextureColorDesaturate value="0"/>
</Item>
<Item>
<fDistFromLight value="-2.152"/>
<fSize value="0.005"/>
<fWidthRotate value="0"/>
<fScrollSpeed value="0.15"/>
<fDistanceInnerOffset value="0"/>
<fIntensityScale value="200"/>
<fIntensityFade value="-431602080"/>
<fAnimorphicScaleFactorU value="0"/>
<fAnimorphicScaleFactorV value="0"/>
<bAnimorphicBehavesLikeArtefact value="false"/>
<bAlignRotationToSun value="false"/>
<color value="0xFF0026FF"/>
<fGradientMultiplier value="1"/>
<nTexture value="1"/>
<nSubGroup value="4"/>
<fPositionOffsetU value="0"/>
<fTextureColorDesaturate value="0"/>
</Item>
<Item>
<fDistFromLight value="-2.149"/>
<fSize value="0.0035"/>
<fWidthRotate value="0"/>
<fScrollSpeed value="0.15"/>
<fDistanceInnerOffset value="0"/>
<fIntensityScale value="170"/>
<fIntensityFade value="-431602080"/>
<fAnimorphicScaleFactorU value="0"/>
<fAnimorphicScaleFactorV value="0"/>
<bAnimorphicBehavesLikeArtefact value="false"/>
<bAlignRotationToSun value="false"/>
<color value="0xFF006AFF"/>
<fGradientMultiplier value="1"/>
<nTexture value="1"/>
<nSubGroup value="4"/>
<fPositionOffsetU value="0"/>
<fTextureColorDesaturate value="0"/>
</Item>
<Item>
<fDistFromLight value="-2.146"/>
<fSize value="0.003"/>
<fWidthRotate value="0"/>
<fScrollSpeed value="0.15"/>
<fDistanceInnerOffset value="0"/>
<fIntensityScale value="150"/>
<fIntensityFade value="-431602080"/>
<fAnimorphicScaleFactorU value="0"/>
<fAnimorphicScaleFactorV value="0"/>
<bAnimorphicBehavesLikeArtefact value="false"/>
<bAlignRotationToSun value="false"/>
<color value="0xFF00BFFF"/>
<fGradientMultiplier value="1"/>
<nTexture value="1"/>
<nSubGroup value="4"/>
<fPositionOffsetU value="0"/>
<fTextureColorDesaturate value="0"/>
</Item>
<Item>
<fDistFromLight value="-2.143"/>
<fSize value="0.0026"/>
<fWidthRotate value="0"/>
<fScrollSpeed value="0.15"/>
<fDistanceInnerOffset value="0"/>
<fIntensityScale value="100"/>
<fIntensityFade value="-431602080"/>
<fAnimorphicScaleFactorU value="0"/>
<fAnimorphicScaleFactorV value="0"/>
<bAnimorphicBehavesLikeArtefact value="false"/>
<bAlignRotationToSun value="false"/>
<color value="0xFF00FFA6"/>
<fGradientMultiplier value="1"/>
<nTexture value="1"/>
<nSubGroup value="4"/>
<fPositionOffsetU value="0"/>
<fTextureColorDesaturate value="0"/>
</Item>
<Item>
<fDistFromLight value="-2.14"/>
<fSize value="0.0024"/>
<fWidthRotate value="0"/>
<fScrollSpeed value="0.15"/>
<fDistanceInnerOffset value="0"/>
<fIntensityScale value="80"/>
<fIntensityFade value="-431602080"/>
<fAnimorphicScaleFactorU value="0"/>
<fAnimorphicScaleFactorV value="0"/>
<bAnimorphicBehavesLikeArtefact value="false"/>
<bAlignRotationToSun value="false"/>
<color value="0xFF00FF40"/>
<fGradientMultiplier value="1"/>
<nTexture value="1"/>
<nSubGroup value="4"/>
<fPositionOffsetU value="0"/>
<fTextureColorDesaturate value="0"/>
</Item>
<Item>
<fDistFromLight value="-2.137"/>
<fSize value="0.0023"/>
<fWidthRotate value="0"/>
<fScrollSpeed value="0.15"/>
<fDistanceInnerOffset value="0"/>
<fIntensityScale value="70"/>
<fIntensityFade value="-431602080"/>
<fAnimorphicScaleFactorU value="0"/>
<fAnimorphicScaleFactorV value="0"/>
<bAnimorphicBehavesLikeArtefact value="false"/>
<bAlignRotationToSun value="false"/>
<color value="0xFF22FF00"/>
<fGradientMultiplier value="1"/>
<nTexture value="1"/>
<nSubGroup value="4"/>
<fPositionOffsetU value="0"/>
<fTextureColorDesaturate value="0"/>
</Item>
<Item>
<fDistFromLight value="-2.134"/>
<fSize value="0.0024"/>
<fWidthRotate value="0"/>
<fScrollSpeed value="0.15"/>
<fDistanceInnerOffset value="0"/>
<fIntensityScale value="60"/>
<fIntensityFade value="-431602080"/>
<fAnimorphicScaleFactorU value="0"/>
<fAnimorphicScaleFactorV value="0"/>
<bAnimorphicBehavesLikeArtefact value="false"/>
<bAlignRotationToSun value="false"/>
<color value="0xFFAAFF00"/>
<fGradientMultiplier value="1"/>
<nTexture value="1"/>
<nSubGroup value="4"/>
<fPositionOffsetU value="0"/>
<fTextureColorDesaturate value="0"/>
</Item>
<Item>
<fDistFromLight value="-2.131"/>
<fSize value="0.0025"/>
<fWidthRotate value="0"/>
<fScrollSpeed value="0.15"/>
<fDistanceInnerOffset value="0"/>
<fIntensityScale value="50"/>
<fIntensityFade value="0"/>
<fAnimorphicScaleFactorU value="0"/>
<fAnimorphicScaleFactorV value="0"/>
<bAnimorphicBehavesLikeArtefact value="false"/>
<bAlignRotationToSun value="false"/>
<color value="0xFFFFE030"/>
<fGradientMultiplier value="1"/>
<nTexture value="1"/>
<nSubGroup value="4"/>
<fPositionOffsetU value="0"/>
<fTextureColorDesaturate value="0"/>
</Item>
<Item>
<fDistFromLight value="-2.128"/>
<fSize value="0.0027"/>
<fWidthRotate value="0"/>
<fScrollSpeed value="0.15"/>
<fDistanceInnerOffset value="0"/>
<fIntensityScale value="40"/>
<fIntensityFade value="0"/>
<fAnimorphicScaleFactorU value="0"/>
<fAnimorphicScaleFactorV value="0"/>
<bAnimorphicBehavesLikeArtefact value="false"/>
<bAlignRotationToSun value="false"/>
<color value="0xFFFFA245"/>
<fGradientMultiplier value="1"/>
<nTexture value="1"/>
<nSubGroup value="4"/>
<fPositionOffsetU value="0"/>
<fTextureColorDesaturate value="0"/>
</Item>
<Item>
<fDistFromLight value="-2.125"/>
<fSize value="0.003"/>
<fWidthRotate value="0"/>
<fScrollSpeed value="0.15"/>
<fDistanceInnerOffset value="0"/>
<fIntensityScale value="20"/>
<fIntensityFade value="0"/>
<fAnimorphicScaleFactorU value="0"/>
<fAnimorphicScaleFactorV value="0"/>
<bAnimorphicBehavesLikeArtefact value="false"/>
<bAlignRotationToSun value="false"/>
<color value="0xFFFF3D3D"/>
<fGradientMultiplier value="1"/>
<nTexture value="1"/>
<nSubGroup value="4"/>
<fPositionOffsetU value="0"/>
<fTextureColorDesaturate value="0"/>
</Item>

<Item>
<fDistFromLight value="-1.9"/>
<fSize value="0.012"/>
<fWidthRotate value="0"/>
<fScrollSpeed value="0.15"/>
<fDistanceInnerOffset value="0"/>
<fIntensityScale value="3"/>
<fIntensityFade value="0"/>
<fAnimorphicScaleFactorU value="0"/>
<fAnimorphicScaleFactorV value="0"/>
<bAnimorphicBehavesLikeArtefact value="false"/>
<bAlignRotationToSun value="false"/>
<color value="0xFF1275FF"/>
<fGradientMultiplier value="1"/>
<nTexture value="1"/>
<nSubGroup value="4"/>
<fPositionOffsetU value="0"/>
<fTextureColorDesaturate value="0"/>
</Item>
<Item>
<fDistFromLight value="-1.898"/>
<fSize value="0.012"/>
<fWidthRotate value="0"/>
<fScrollSpeed value="0.15"/>
<fDistanceInnerOffset value="0"/>
<fIntensityScale value="5"/>
<fIntensityFade value="0"/>
<fAnimorphicScaleFactorU value="0"/>
<fAnimorphicScaleFactorV value="0"/>
<bAnimorphicBehavesLikeArtefact value="false"/>
<bAlignRotationToSun value="false"/>
<color value="0xFF0095FF"/>
<fGradientMultiplier value="1"/>
<nTexture value="1"/>
<nSubGroup value="4"/>
<fPositionOffsetU value="0"/>
<fTextureColorDesaturate value="0"/>
</Item>
<Item>
<fDistFromLight value="-1.89"/>
<fSize value="0.003"/>
<fWidthRotate value="0"/>
<fScrollSpeed value="0.15"/>
<fDistanceInnerOffset value="0"/>
<fIntensityScale value="15"/>
<fIntensityFade value="0"/>
<fAnimorphicScaleFactorU value="0"/>
<fAnimorphicScaleFactorV value="0"/>
<bAnimorphicBehavesLikeArtefact value="false"/>
<bAlignRotationToSun value="false"/>
<color value="0xFF4066FF"/>
<fGradientMultiplier value="1"/>
<nTexture value="1"/>
<nSubGroup value="3"/>
<fPositionOffsetU value="0"/>
<fTextureColorDesaturate value="0"/>
</Item>
<Item>
<fDistFromLight value="-1.875"/>
<fSize value="0.004"/>
<fWidthRotate value="0"/>
<fScrollSpeed value="0.15"/>
<fDistanceInnerOffset value="0"/>
<fIntensityScale value="20"/>
<fIntensityFade value="0"/>
<fAnimorphicScaleFactorU value="0"/>
<fAnimorphicScaleFactorV value="0"/>
<bAnimorphicBehavesLikeArtefact value="false"/>
<bAlignRotationToSun value="false"/>
<color value="0xFF4D9AFF"/>
<fGradientMultiplier value="1"/>
<nTexture value="1"/>
<nSubGroup value="3"/>
<fPositionOffsetU value="0"/>
<fTextureColorDesaturate value="0"/>
</Item>
<Item>
<fDistFromLight value="-1.86"/>
<fSize value="0.006"/>
<fWidthRotate value="0"/>
<fScrollSpeed value="0.15"/>
<fDistanceInnerOffset value="0"/>
<fIntensityScale value="2"/>
<fIntensityFade value="0"/>
<fAnimorphicScaleFactorU value="0"/>
<fAnimorphicScaleFactorV value="0"/>
<bAnimorphicBehavesLikeArtefact value="false"/>
<bAlignRotationToSun value="false"/>
<color value="0xFFBFCEFF"/>
<fGradientMultiplier value="1"/>
<nTexture value="1"/>
<nSubGroup value="3"/>
<fPositionOffsetU value="0"/>
<fTextureColorDesaturate value="0"/>
</Item>
<Item>
<fDistFromLight value="-1.859"/>
<fSize value="0.006"/>
<fWidthRotate value="0"/>
<fScrollSpeed value="0.15"/>
<fDistanceInnerOffset value="0"/>
<fIntensityScale value="21.6"/>
<fIntensityFade value="0"/>
<fAnimorphicScaleFactorU value="0"/>
<fAnimorphicScaleFactorV value="0"/>
<bAnimorphicBehavesLikeArtefact value="false"/>
<bAlignRotationToSun value="false"/>
<color value="0xFF0059FF"/>
<fGradientMultiplier value="1"/>
<nTexture value="1"/>
<nSubGroup value="3"/>
<fPositionOffsetU value="0"/>
<fTextureColorDesaturate value="0"/>
</Item>
<Item>
<fDistFromLight value="-1.845"/>
<fSize value="0.022"/>
<fWidthRotate value="0"/>
<fScrollSpeed value="0.15"/>
<fDistanceInnerOffset value="0"/>
<fIntensityScale value="13"/>
<fIntensityFade value="0"/>
<fAnimorphicScaleFactorU value="0"/>
<fAnimorphicScaleFactorV value="0"/>
<bAnimorphicBehavesLikeArtefact value="false"/>
<bAlignRotationToSun value="false"/>
<color value="0xFF1271FF"/>
<fGradientMultiplier value="1"/>
<nTexture value="1"/>
<nSubGroup value="4"/>
<fPositionOffsetU value="0"/>
<fTextureColorDesaturate value="0"/>
</Item>
<Item>
<fDistFromLight value="-1.845"/>
<fSize value="0.003"/>
<fWidthRotate value="0"/>
<fScrollSpeed value="0.15"/>
<fDistanceInnerOffset value="0"/>
<fIntensityScale value="25.799999"/>
<fIntensityFade value="0"/>
<fAnimorphicScaleFactorU value="0"/>
<fAnimorphicScaleFactorV value="0"/>
<bAnimorphicBehavesLikeArtefact value="false"/>
<bAlignRotationToSun value="false"/>
<color value="0xFF008CFF"/>
<fGradientMultiplier value="1"/>
<nTexture value="1"/>
<nSubGroup value="4"/>
<fPositionOffsetU value="0"/>
<fTextureColorDesaturate value="0"/>
</Item>
<Item>
<fDistFromLight value="-1.837"/>
<fSize value="0.005"/>
<fWidthRotate value="0"/>
<fScrollSpeed value="0.15"/>
<fDistanceInnerOffset value="0"/>
<fIntensityScale value="6.125"/>
<fIntensityFade value="0"/>
<fAnimorphicScaleFactorU value="0"/>
<fAnimorphicScaleFactorV value="0"/>
<bAnimorphicBehavesLikeArtefact value="false"/>
<bAlignRotationToSun value="false"/>
<color value="0xFF80C6FF"/>
<fGradientMultiplier value="1"/>
<nTexture value="1"/>
<nSubGroup value="4"/>
<fPositionOffsetU value="0"/>
<fTextureColorDesaturate value="0"/>
</Item>
<Item>
<fDistFromLight value="-1.83"/>
<fSize value="0.0015"/>
<fWidthRotate value="0"/>
<fScrollSpeed value="0.15"/>
<fDistanceInnerOffset value="0"/>
<fIntensityScale value="200"/>
<fIntensityFade value="0"/>
<fAnimorphicScaleFactorU value="0"/>
<fAnimorphicScaleFactorV value="0"/>
<bAnimorphicBehavesLikeArtefact value="false"/>
<bAlignRotationToSun value="false"/>
<color value="0xFF0040FF"/>
<fGradientMultiplier value="1"/>
<nTexture value="1"/>
<nSubGroup value="4"/>
<fPositionOffsetU value="0"/>
<fTextureColorDesaturate value="0"/>
</Item>
<Item>
<fDistFromLight value="-1.8"/>
<fSize value="0.003"/>
<fWidthRotate value="0"/>
<fScrollSpeed value="0.15"/>
<fDistanceInnerOffset value="0"/>
<fIntensityScale value="53.799999"/>
<fIntensityFade value="0"/>
<fAnimorphicScaleFactorU value="0"/>
<fAnimorphicScaleFactorV value="0"/>
<bAnimorphicBehavesLikeArtefact value="false"/>
<bAlignRotationToSun value="false"/>
<color value="0xFF2E7BFF"/>
<fGradientMultiplier value="1"/>
<nTexture value="1"/>
<nSubGroup value="4"/>
<fPositionOffsetU value="0"/>
<fTextureColorDesaturate value="0"/>
</Item>
<Item>
<fDistFromLight value="-1.765"/>
<fSize value="0.01"/>
<fWidthRotate value="0"/>
<fScrollSpeed value="0.15"/>
<fDistanceInnerOffset value="0"/>
<fIntensityScale value="10.7"/>
<fIntensityFade value="-431602080"/>
<fAnimorphicScaleFactorU value="0"/>
<fAnimorphicScaleFactorV value="0"/>
<bAnimorphicBehavesLikeArtefact value="false"/>
<bAlignRotationToSun value="false"/>
<color value="0xFF3079FF"/>
<fGradientMultiplier value="1"/>
<nTexture value="1"/>
<nSubGroup value="6"/>
<fPositionOffsetU value="0"/>
<fTextureColorDesaturate value="0"/>
</Item>
<Item>
<fDistFromLight value="-1.74"/>
<fSize value="0.007"/>
<fWidthRotate value="0"/>
<fScrollSpeed value="0.15"/>
<fDistanceInnerOffset value="0"/>
<fIntensityScale value="21.924999"/>
<fIntensityFade value="-431602080"/>
<fAnimorphicScaleFactorU value="0"/>
<fAnimorphicScaleFactorV value="0"/>
<bAnimorphicBehavesLikeArtefact value="false"/>
<bAlignRotationToSun value="false"/>
<color value="0xFF0077FF"/>
<fGradientMultiplier value="1"/>
<nTexture value="1"/>
<nSubGroup value="4"/>
<fPositionOffsetU value="0"/>
<fTextureColorDesaturate value="0"/>
</Item>
<Item>
<fDistFromLight value="-1.74"/>
<fSize value="0.0007"/>
<fWidthRotate value="0"/>
<fScrollSpeed value="0.15"/>
<fDistanceInnerOffset value="0"/>
<fIntensityScale value="200"/>
<fIntensityFade value="-431602080"/>
<fAnimorphicScaleFactorU value="0"/>
<fAnimorphicScaleFactorV value="0"/>
<bAnimorphicBehavesLikeArtefact value="false"/>
<bAlignRotationToSun value="false"/>
<color value="0xFF0044FF"/>
<fGradientMultiplier value="1"/>
<nTexture value="1"/>
<nSubGroup value="3"/>
<fPositionOffsetU value="0"/>
<fTextureColorDesaturate value="0"/>
</Item>
<Item>
<fDistFromLight value="-1.74"/>
<fSize value="0.005"/>
<fWidthRotate value="0"/>
<fScrollSpeed value="0.15"/>
<fDistanceInnerOffset value="0"/>
<fIntensityScale value="10"/>
<fIntensityFade value="-431602080"/>
<fAnimorphicScaleFactorU value="0"/>
<fAnimorphicScaleFactorV value="0"/>
<bAnimorphicBehavesLikeArtefact value="false"/>
<bAlignRotationToSun value="false"/>
<color value="0xFF4D8BFF"/>
<fGradientMultiplier value="1"/>
<nTexture value="1"/>
<nSubGroup value="3"/>
<fPositionOffsetU value="0"/>
<fTextureColorDesaturate value="0"/>
</Item>
<Item>
<fDistFromLight value="-1.739"/>
<fSize value="0.0012"/>
<fWidthRotate value="0"/>
<fScrollSpeed value="0.15"/>
<fDistanceInnerOffset value="0"/>
<fIntensityScale value="200"/>
<fIntensityFade value="-431602080"/>
<fAnimorphicScaleFactorU value="0"/>
<fAnimorphicScaleFactorV value="0"/>
<bAnimorphicBehavesLikeArtefact value="false"/>
<bAlignRotationToSun value="false"/>
<color value="0xFF003DFF"/>
<fGradientMultiplier value="1"/>
<nTexture value="1"/>
<nSubGroup value="3"/>
<fPositionOffsetU value="0"/>
<fTextureColorDesaturate value="0"/>
</Item>
<Item>
<fDistFromLight value="-1.738"/>
<fSize value="0.0017"/>
<fWidthRotate value="0"/>
<fScrollSpeed value="0.15"/>
<fDistanceInnerOffset value="0"/>
<fIntensityScale value="200"/>
<fIntensityFade value="-431602080"/>
<fAnimorphicScaleFactorU value="0"/>
<fAnimorphicScaleFactorV value="0"/>
<bAnimorphicBehavesLikeArtefact value="false"/>
<bAlignRotationToSun value="false"/>
<color value="0xFF002BFF"/>
<fGradientMultiplier value="1"/>
<nTexture value="1"/>
<nSubGroup value="3"/>
<fPositionOffsetU value="0"/>
<fTextureColorDesaturate value="0"/>
</Item>
<Item>
<fDistFromLight value="-1.737"/>
<fSize value="0.0021"/>
<fWidthRotate value="0"/>
<fScrollSpeed value="0.15"/>
<fDistanceInnerOffset value="0"/>
<fIntensityScale value="200"/>
<fIntensityFade value="-431602080"/>
<fAnimorphicScaleFactorU value="0"/>
<fAnimorphicScaleFactorV value="0"/>
<bAnimorphicBehavesLikeArtefact value="false"/>
<bAlignRotationToSun value="false"/>
<color value="0xFF001EFF"/>
<fGradientMultiplier value="1"/>
<nTexture value="1"/>
<nSubGroup value="3"/>
<fPositionOffsetU value="0"/>
<fTextureColorDesaturate value="0"/>
</Item>
<Item>
<fDistFromLight value="-1.73"/>
<fSize value="0.0070"/>
<fWidthRotate value="0"/>
<fScrollSpeed value="0.15"/>
<fDistanceInnerOffset value="0"/>
<fIntensityScale value="57.2"/>
<fIntensityFade value="-431602080"/>
<fAnimorphicScaleFactorU value="0"/>
<fAnimorphicScaleFactorV value="0"/>
<bAnimorphicBehavesLikeArtefact value="false"/>
<bAlignRotationToSun value="false"/>
<color value="0xFF053FFF"/>
<fGradientMultiplier value="1"/>
<nTexture value="1"/>
<nSubGroup value="4"/>
<fPositionOffsetU value="0"/>
<fTextureColorDesaturate value="0"/>
</Item>
<Item>
<fDistFromLight value="-1.71"/>
<fSize value="0.009"/>
<fWidthRotate value="0"/>
<fScrollSpeed value="0.15"/>
<fDistanceInnerOffset value="0"/>
<fIntensityScale value="10"/>
<fIntensityFade value="-431602080"/>
<fAnimorphicScaleFactorU value="0"/>
<fAnimorphicScaleFactorV value="0"/>
<bAnimorphicBehavesLikeArtefact value="false"/>
<bAlignRotationToSun value="false"/>
<color value="0xFF21D3FF"/>
<fGradientMultiplier value="1"/>
<nTexture value="1"/>
<nSubGroup value="4"/>
<fPositionOffsetU value="0"/>
<fTextureColorDesaturate value="0"/>
</Item>
<Item>
<fDistFromLight value="-1.7"/>
<fSize value="0.0015"/>
<fWidthRotate value="0"/>
<fScrollSpeed value="0.15"/>
<fDistanceInnerOffset value="0"/>
<fIntensityScale value="22"/>
<fIntensityFade value="0"/>
<fAnimorphicScaleFactorU value="0"/>
<fAnimorphicScaleFactorV value="0"/>
<bAnimorphicBehavesLikeArtefact value="false"/>
<bAlignRotationToSun value="false"/>
<color value="0xFFC8C8FF"/>
<fGradientMultiplier value="1"/>
<nTexture value="1"/>
<nSubGroup value="4"/>
<fPositionOffsetU value="0"/>
<fTextureColorDesaturate value="0"/>
</Item>
<Item>
<fDistFromLight value="-1.699"/>
<fSize value="0.0013"/>
<fWidthRotate value="0"/>
<fScrollSpeed value="0.15"/>
<fDistanceInnerOffset value="0"/>
<fIntensityScale value="96.8"/>
<fIntensityFade value="0"/>
<fAnimorphicScaleFactorU value="0"/>
<fAnimorphicScaleFactorV value="0"/>
<bAnimorphicBehavesLikeArtefact value="false"/>
<bAlignRotationToSun value="false"/>
<color value="0xFF32BEFF"/>
<fGradientMultiplier value="1"/>
<nTexture value="1"/>
<nSubGroup value="4"/>
<fPositionOffsetU value="0"/>
<fTextureColorDesaturate value="0"/>
</Item>
<Item>
<fDistFromLight value="-1.698"/>
<fSize value="0.0012"/>
<fWidthRotate value="0"/>
<fScrollSpeed value="0.15"/>
<fDistanceInnerOffset value="0"/>
<fIntensityScale value="140.600006"/>
<fIntensityFade value="0"/>
<fAnimorphicScaleFactorU value="0"/>
<fAnimorphicScaleFactorV value="0"/>
<bAnimorphicBehavesLikeArtefact value="false"/>
<bAlignRotationToSun value="false"/>
<color value="0xFF0078FF"/>
<fGradientMultiplier value="1"/>
<nTexture value="1"/>
<nSubGroup value="4"/>
<fPositionOffsetU value="0"/>
<fTextureColorDesaturate value="0"/>
</Item>
<Item>
<fDistFromLight value="-1.697"/>
<fSize value="0.0013"/>
<fWidthRotate value="0"/>
<fScrollSpeed value="0.15"/>
<fDistanceInnerOffset value="0"/>
<fIntensityScale value="125.1999"/>
<fIntensityFade value="0"/>
<fAnimorphicScaleFactorU value="0"/>
<fAnimorphicScaleFactorV value="0"/>
<bAnimorphicBehavesLikeArtefact value="false"/>
<bAlignRotationToSun value="false"/>
<color value="0xFF005AFF"/>
<fGradientMultiplier value="1"/>
<nTexture value="1"/>
<nSubGroup value="4"/>
<fPositionOffsetU value="0"/>
<fTextureColorDesaturate value="0"/>
</Item>
<Item>
<fDistFromLight value="-1.696"/>
<fSize value="0.0014"/>
<fWidthRotate value="0"/>
<fScrollSpeed value="0.15"/>
<fDistanceInnerOffset value="0"/>
<fIntensityScale value="66"/>
<fIntensityFade value="0"/>
<fAnimorphicScaleFactorU value="0"/>
<fAnimorphicScaleFactorV value="0"/>
<bAnimorphicBehavesLikeArtefact value="false"/>
<bAlignRotationToSun value="false"/>
<color value="0xFF004BFF"/>
<fGradientMultiplier value="1"/>
<nTexture value="1"/>
<nSubGroup value="4"/>
<fPositionOffsetU value="0"/>
<fTextureColorDesaturate value="0"/>
</Item>
<Item>
<fDistFromLight value="-1.695"/>
<fSize value="0.0015"/>
<fWidthRotate value="0"/>
<fScrollSpeed value="0.15"/>
<fDistanceInnerOffset value="0"/>
<fIntensityScale value="46.2"/>
<fIntensityFade value="0"/>
<fAnimorphicScaleFactorU value="0"/>
<fAnimorphicScaleFactorV value="0"/>
<bAnimorphicBehavesLikeArtefact value="false"/>
<bAlignRotationToSun value="false"/>
<color value="0xFF003CFF"/>
<fGradientMultiplier value="1"/>
<nTexture value="1"/>
<nSubGroup value="4"/>
<fPositionOffsetU value="0"/>
<fTextureColorDesaturate value="0"/>
</Item>
<Item>
<fDistFromLight value="-1.694"/>
<fSize value="0.0016"/>
<fWidthRotate value="0"/>
<fScrollSpeed value="0.15"/>
<fDistanceInnerOffset value="0"/>
<fIntensityScale value="33"/>
<fIntensityFade value="0"/>
<fAnimorphicScaleFactorU value="0"/>
<fAnimorphicScaleFactorV value="0"/>
<bAnimorphicBehavesLikeArtefact value="false"/>
<bAlignRotationToSun value="false"/>
<color value="0xFF0032FF"/>
<fGradientMultiplier value="1"/>
<nTexture value="1"/>
<nSubGroup value="4"/>
<fPositionOffsetU value="0"/>
<fTextureColorDesaturate value="0"/>
</Item>
<Item>
<fDistFromLight value="-1.693"/>
<fSize value="0.0017"/>
<fWidthRotate value="0"/>
<fScrollSpeed value="0.15"/>
<fDistanceInnerOffset value="0"/>
<fIntensityScale value="33.4"/>
<fIntensityFade value="0"/>
<fAnimorphicScaleFactorU value="0"/>
<fAnimorphicScaleFactorV value="0"/>
<bAnimorphicBehavesLikeArtefact value="false"/>
<bAlignRotationToSun value="false"/>
<color value="0xFF0028FF"/>
<fGradientMultiplier value="1"/>
<nTexture value="1"/>
<nSubGroup value="4"/>
<fPositionOffsetU value="0"/>
<fTextureColorDesaturate value="0"/>
</Item>
<Item>
<fDistFromLight value="-1.692"/>
<fSize value="0.0018"/>
<fWidthRotate value="0"/>
<fScrollSpeed value="0.15"/>
<fDistanceInnerOffset value="0"/>
<fIntensityScale value="30"/>
<fIntensityFade value="0"/>
<fAnimorphicScaleFactorU value="0"/>
<fAnimorphicScaleFactorV value="0"/>
<bAnimorphicBehavesLikeArtefact value="false"/>
<bAlignRotationToSun value="false"/>
<color value="0xFF001EFF"/>
<fGradientMultiplier value="1"/>
<nTexture value="1"/>
<nSubGroup value="4"/>
<fPositionOffsetU value="0"/>
<fTextureColorDesaturate value="0"/>
</Item>
<Item>
<fDistFromLight value="-1.691"/>
<fSize value="0.002"/>
<fWidthRotate value="0"/>
<fScrollSpeed value="0.15"/>
<fDistanceInnerOffset value="0"/>
<fIntensityScale value="30"/>
<fIntensityFade value="0"/>
<fAnimorphicScaleFactorU value="0"/>
<fAnimorphicScaleFactorV value="0"/>
<bAnimorphicBehavesLikeArtefact value="false"/>
<bAlignRotationToSun value="false"/>
<color value="0xFF0014FF"/>
<fGradientMultiplier value="1"/>
<nTexture value="1"/>
<nSubGroup value="4"/>
<fPositionOffsetU value="0"/>
<fTextureColorDesaturate value="0"/>
</Item>
<Item>
<fDistFromLight value="-1.69"/>
<fSize value="0.0024"/>
<fWidthRotate value="0"/>
<fScrollSpeed value="0.15"/>
<fDistanceInnerOffset value="0"/>
<fIntensityScale value="30"/>
<fIntensityFade value="0"/>
<fAnimorphicScaleFactorU value="0"/>
<fAnimorphicScaleFactorV value="0"/>
<bAnimorphicBehavesLikeArtefact value="false"/>
<bAlignRotationToSun value="false"/>
<color value="0xFF0008FF"/>
<fGradientMultiplier value="1"/>
<nTexture value="1"/>
<nSubGroup value="4"/>
<fPositionOffsetU value="0"/>
<fTextureColorDesaturate value="0"/>
</Item>
<Item>
<fDistFromLight value="-1.687"/>
<fSize value="0.015"/>
<fWidthRotate value="0"/>
<fScrollSpeed value="0.15"/>
<fDistanceInnerOffset value="0"/>
<fIntensityScale value="15"/>
<fIntensityFade value="-431602080"/>
<fAnimorphicScaleFactorU value="0"/>
<fAnimorphicScaleFactorV value="0"/>
<bAnimorphicBehavesLikeArtefact value="false"/>
<bAlignRotationToSun value="false"/>
<color value="0xFF0A9DFF"/>
<fGradientMultiplier value="1"/>
<nTexture value="1"/>
<nSubGroup value="6"/>
<fPositionOffsetU value="0"/>
<fTextureColorDesaturate value="0"/>
</Item>
<Item>
<fDistFromLight value="-1.685"/>
<fSize value="0.015"/>
<fWidthRotate value="0"/>
<fScrollSpeed value="0.15"/>
<fDistanceInnerOffset value="0"/>
<fIntensityScale value="24"/>
<fIntensityFade value="-431602080"/>
<fAnimorphicScaleFactorU value="0"/>
<fAnimorphicScaleFactorV value="0"/>
<bAnimorphicBehavesLikeArtefact value="false"/>
<bAlignRotationToSun value="false"/>
<color value="0xFF2129FF"/>
<fGradientMultiplier value="1"/>
<nTexture value="1"/>
<nSubGroup value="6"/>
<fPositionOffsetU value="0"/>
<fTextureColorDesaturate value="0"/>
</Item>
<Item>
<fDistFromLight value="-1.65"/>
<fSize value="0.007"/>
<fWidthRotate value="0"/>
<fScrollSpeed value="0.15"/>
<fDistanceInnerOffset value="0"/>
<fIntensityScale value="43.375"/>
<fIntensityFade value="-431602080"/>
<fAnimorphicScaleFactorU value="0"/>
<fAnimorphicScaleFactorV value="0"/>
<bAnimorphicBehavesLikeArtefact value="false"/>
<bAlignRotationToSun value="false"/>
<color value="0xFF0A43FF"/>
<fGradientMultiplier value="1"/>
<nTexture value="1"/>
<nSubGroup value="3"/>
<fPositionOffsetU value="0"/>
<fTextureColorDesaturate value="0"/>
</Item>
<Item>
<fDistFromLight value="-1.625"/>
<fSize value="0.005"/>
<fWidthRotate value="0"/>
<fScrollSpeed value="0.15"/>
<fDistanceInnerOffset value="0"/>
<fIntensityScale value="5"/>
<fIntensityFade value="-431602080"/>
<fAnimorphicScaleFactorU value="0"/>
<fAnimorphicScaleFactorV value="0"/>
<bAnimorphicBehavesLikeArtefact value="false"/>
<bAlignRotationToSun value="false"/>
<color value="0xFF0095FF"/>
<fGradientMultiplier value="1"/>
<nTexture value="1"/>
<nSubGroup value="4"/>
<fPositionOffsetU value="0"/>
<fTextureColorDesaturate value="0"/>
</Item>
<Item>
<fDistFromLight value="-1.625"/>
<fSize value="0.015"/>
<fWidthRotate value="0"/>
<fScrollSpeed value="0.15"/>
<fDistanceInnerOffset value="0"/>
<fIntensityScale value="15"/>
<fIntensityFade value="-431602080"/>
<fAnimorphicScaleFactorU value="0"/>
<fAnimorphicScaleFactorV value="0"/>
<bAnimorphicBehavesLikeArtefact value="false"/>
<bAlignRotationToSun value="false"/>
<color value="0xFF003CFF"/>
<fGradientMultiplier value="1"/>
<nTexture value="1"/>
<nSubGroup value="6"/>
<fPositionOffsetU value="0"/>
<fTextureColorDesaturate value="0"/>
</Item>
<Item>
<fDistFromLight value="-1.6"/>
<fSize value="0.01"/>
<fWidthRotate value="0"/>
<fScrollSpeed value="0.15"/>
<fDistanceInnerOffset value="0"/>
<fIntensityScale value="4"/>
<fIntensityFade value="-431602080"/>
<fAnimorphicScaleFactorU value="0"/>
<fAnimorphicScaleFactorV value="0"/>
<bAnimorphicBehavesLikeArtefact value="false"/>
<bAlignRotationToSun value="false"/>
<color value="0xFF0066FF"/>
<fGradientMultiplier value="1"/>
<nTexture value="1"/>
<nSubGroup value="1"/>
<fPositionOffsetU value="0"/>
<fTextureColorDesaturate value="0"/>
</Item>
<Item>
<fDistFromLight value="-1.577"/>
<fSize value="0.0025"/>
<fWidthRotate value="0"/>
<fScrollSpeed value="0.15"/>
<fDistanceInnerOffset value="0"/>
<fIntensityScale value="20"/>
<fIntensityFade value="-431602080"/>
<fAnimorphicScaleFactorU value="0"/>
<fAnimorphicScaleFactorV value="0"/>
<bAnimorphicBehavesLikeArtefact value="false"/>
<bAlignRotationToSun value="false"/>
<color value="0xFF008CFF"/>
<fGradientMultiplier value="1"/>
<nTexture value="1"/>
<nSubGroup value="4"/>
<fPositionOffsetU value="0"/>
<fTextureColorDesaturate value="0"/>
</Item>
<Item>
<fDistFromLight value="-1.575"/>
<fSize value="0.003"/>
<fWidthRotate value="0"/>
<fScrollSpeed value="0.15"/>
<fDistanceInnerOffset value="0"/>
<fIntensityScale value="63.79999"/>
<fIntensityFade value="-431602080"/>
<fAnimorphicScaleFactorU value="0"/>
<fAnimorphicScaleFactorV value="0"/>
<bAnimorphicBehavesLikeArtefact value="false"/>
<bAlignRotationToSun value="false"/>
<color value="0xFF003CFF"/>
<fGradientMultiplier value="1"/>
<nTexture value="1"/>
<nSubGroup value="4"/>
<fPositionOffsetU value="0"/>
<fTextureColorDesaturate value="0"/>
</Item>
<Item>
<fDistFromLight value="-1.575"/>
<fSize value="0.005"/>
<fWidthRotate value="0"/>
<fScrollSpeed value="0.15"/>
<fDistanceInnerOffset value="0"/>
<fIntensityScale value="28.6"/>
<fIntensityFade value="-431602080"/>
<fAnimorphicScaleFactorU value="0"/>
<fAnimorphicScaleFactorV value="0"/>
<bAnimorphicBehavesLikeArtefact value="false"/>
<bAlignRotationToSun value="false"/>
<color value="0xFF0051FF"/>
<fGradientMultiplier value="1"/>
<nTexture value="1"/>
<nSubGroup value="3"/>
<fPositionOffsetU value="0"/>
<fTextureColorDesaturate value="0"/>
</Item>
<Item>
<fDistFromLight value="-1.412"/>
<fSize value="0.0035"/>
<fWidthRotate value="0"/>
<fScrollSpeed value="0.15"/>
<fDistanceInnerOffset value="0"/>
<fIntensityScale value="0.5"/>
<fIntensityFade value="-431602080"/>
<fAnimorphicScaleFactorU value="0"/>
<fAnimorphicScaleFactorV value="0"/>
<bAnimorphicBehavesLikeArtefact value="false"/>
<bAlignRotationToSun value="false"/>
<color value="0xFFFFFFFF"/>
<fGradientMultiplier value="1"/>
<nTexture value="1"/>
<nSubGroup value="4"/>
<fPositionOffsetU value="0"/>
<fTextureColorDesaturate value="0"/>
</Item>
<Item>
<fDistFromLight value="-1.41"/>
<fSize value="0.003"/>
<fWidthRotate value="0"/>
<fScrollSpeed value="0.15"/>
<fDistanceInnerOffset value="0"/>
<fIntensityScale value="0.75"/>
<fIntensityFade value="-431602080"/>
<fAnimorphicScaleFactorU value="0"/>
<fAnimorphicScaleFactorV value="0"/>
<bAnimorphicBehavesLikeArtefact value="false"/>
<bAlignRotationToSun value="false"/>
<color value="0xFFFFFFFF"/>
<fGradientMultiplier value="1"/>
<nTexture value="1"/>
<nSubGroup value="4"/>
<fPositionOffsetU value="0"/>
<fTextureColorDesaturate value="0"/>
</Item>
<Item>
<fDistFromLight value="-1.408"/>
<fSize value="0.0028"/>
<fWidthRotate value="0"/>
<fScrollSpeed value="0.15"/>
<fDistanceInnerOffset value="0"/>
<fIntensityScale value="1.5"/>
<fIntensityFade value="-431602080"/>
<fAnimorphicScaleFactorU value="0"/>
<fAnimorphicScaleFactorV value="0"/>
<bAnimorphicBehavesLikeArtefact value="false"/>
<bAlignRotationToSun value="false"/>
<color value="0xFFFFFFFF"/>
<fGradientMultiplier value="1"/>
<nTexture value="1"/>
<nSubGroup value="4"/>
<fPositionOffsetU value="0"/>
<fTextureColorDesaturate value="0"/>
</Item>
<Item>
<fDistFromLight value="-1.408"/>
<fSize value="0.0029"/>
<fWidthRotate value="0"/>
<fScrollSpeed value="0.15"/>
<fDistanceInnerOffset value="0"/>
<fIntensityScale value="1"/>
<fIntensityFade value="-431602080"/>
<fAnimorphicScaleFactorU value="0"/>
<fAnimorphicScaleFactorV value="0"/>
<bAnimorphicBehavesLikeArtefact value="false"/>
<bAlignRotationToSun value="false"/>
<color value="0xFFFFFFFF"/>
<fGradientMultiplier value="1"/>
<nTexture value="1"/>
<nSubGroup value="4"/>
<fPositionOffsetU value="0"/>
<fTextureColorDesaturate value="0"/>
</Item>
<Item>
<fDistFromLight value="-1.406"/>
<fSize value="0.0027"/>
<fWidthRotate value="0"/>
<fScrollSpeed value="0.15"/>
<fDistanceInnerOffset value="0"/>
<fIntensityScale value="2"/>
<fIntensityFade value="-431602080"/>
<fAnimorphicScaleFactorU value="0"/>
<fAnimorphicScaleFactorV value="0"/>
<bAnimorphicBehavesLikeArtefact value="false"/>
<bAlignRotationToSun value="false"/>
<color value="0xFFD1FFFA"/>
<fGradientMultiplier value="1"/>
<nTexture value="1"/>
<nSubGroup value="4"/>
<fPositionOffsetU value="0"/>
<fTextureColorDesaturate value="0"/>
</Item>
<Item>
<fDistFromLight value="-1.404"/>
<fSize value="0.0026"/>
<fWidthRotate value="0"/>
<fScrollSpeed value="0.15"/>
<fDistanceInnerOffset value="0"/>
<fIntensityScale value="3"/>
<fIntensityFade value="-431602080"/>
<fAnimorphicScaleFactorU value="0"/>
<fAnimorphicScaleFactorV value="0"/>
<bAnimorphicBehavesLikeArtefact value="false"/>
<bAlignRotationToSun value="false"/>
<color value="0xFF9CFFE4"/>
<fGradientMultiplier value="1"/>
<nTexture value="1"/>
<nSubGroup value="4"/>
<fPositionOffsetU value="0"/>
<fTextureColorDesaturate value="0"/>
</Item>
<Item>
<fDistFromLight value="-1.402"/>
<fSize value="0.0025"/>
<fWidthRotate value="0"/>
<fScrollSpeed value="0.15"/>
<fDistanceInnerOffset value="0"/>
<fIntensityScale value="3"/>
<fIntensityFade value="-431602080"/>
<fAnimorphicScaleFactorU value="0"/>
<fAnimorphicScaleFactorV value="0"/>
<bAnimorphicBehavesLikeArtefact value="false"/>
<bAlignRotationToSun value="false"/>
<color value="0xFF4DFFCF"/>
<fGradientMultiplier value="1"/>
<nTexture value="1"/>
<nSubGroup value="4"/>
<fPositionOffsetU value="0"/>
<fTextureColorDesaturate value="0"/>
</Item>
<Item>
<fDistFromLight value="-1.4"/>
<fSize value="0.0024"/>
<fWidthRotate value="0"/>
<fScrollSpeed value="0.15"/>
<fDistanceInnerOffset value="0"/>
<fIntensityScale value="3"/>
<fIntensityFade value="-431602080"/>
<fAnimorphicScaleFactorU value="0"/>
<fAnimorphicScaleFactorV value="0"/>
<bAnimorphicBehavesLikeArtefact value="false"/>
<bAlignRotationToSun value="false"/>
<color value="0xFF73FFF1"/>
<fGradientMultiplier value="1"/>
<nTexture value="1"/>
<nSubGroup value="4"/>
<fPositionOffsetU value="0"/>
<fTextureColorDesaturate value="0"/>
</Item>
<Item>
<fDistFromLight value="-1.398"/>
<fSize value="0.0023"/>
<fWidthRotate value="0"/>
<fScrollSpeed value="0.15"/>
<fDistanceInnerOffset value="0"/>
<fIntensityScale value="3"/>
<fIntensityFade value="-431602080"/>
<fAnimorphicScaleFactorU value="0"/>
<fAnimorphicScaleFactorV value="0"/>
<bAnimorphicBehavesLikeArtefact value="false"/>
<bAlignRotationToSun value="false"/>
<color value="0xFF6FF8FC"/>
<fGradientMultiplier value="1"/>
<nTexture value="1"/>
<nSubGroup value="4"/>
<fPositionOffsetU value="0"/>
<fTextureColorDesaturate value="0"/>
</Item>
<Item>
<fDistFromLight value="-1.396"/>
<fSize value="0.0022"/>
<fWidthRotate value="0"/>
<fScrollSpeed value="0.15"/>
<fDistanceInnerOffset value="0"/>
<fIntensityScale value="3"/>
<fIntensityFade value="-431602080"/>
<fAnimorphicScaleFactorU value="0"/>
<fAnimorphicScaleFactorV value="0"/>
<bAnimorphicBehavesLikeArtefact value="false"/>
<bAlignRotationToSun value="false"/>
<color value="0xFF66FAFF"/>
<fGradientMultiplier value="1"/>
<nTexture value="1"/>
<nSubGroup value="4"/>
<fPositionOffsetU value="0"/>
<fTextureColorDesaturate value="0"/>
</Item>
<Item>
<fDistFromLight value="-1.394"/>
<fSize value="0.0021"/>
<fWidthRotate value="0"/>
<fScrollSpeed value="0.15"/>
<fDistanceInnerOffset value="0"/>
<fIntensityScale value="3"/>
<fIntensityFade value="-431602080"/>
<fAnimorphicScaleFactorU value="0"/>
<fAnimorphicScaleFactorV value="0"/>
<bAnimorphicBehavesLikeArtefact value="false"/>
<bAlignRotationToSun value="false"/>
<color value="0xFF57F9FF"/>
<fGradientMultiplier value="1"/>
<nTexture value="1"/>
<nSubGroup value="4"/>
<fPositionOffsetU value="0"/>
<fTextureColorDesaturate value="0"/>
</Item>
<Item>
<fDistFromLight value="-1.392"/>
<fSize value="0.002"/>
<fWidthRotate value="0"/>
<fScrollSpeed value="0.15"/>
<fDistanceInnerOffset value="0"/>
<fIntensityScale value="3"/>
<fIntensityFade value="-431602080"/>
<fAnimorphicScaleFactorU value="0"/>
<fAnimorphicScaleFactorV value="0"/>
<bAnimorphicBehavesLikeArtefact value="false"/>
<bAlignRotationToSun value="false"/>
<color value="0xFF47F9FF"/>
<fGradientMultiplier value="1"/>
<nTexture value="1"/>
<nSubGroup value="4"/>
<fPositionOffsetU value="0"/>
<fTextureColorDesaturate value="0"/>
</Item>
<Item>
<fDistFromLight value="-1.39"/>
<fSize value="0.0021"/>
<fWidthRotate value="0"/>
<fScrollSpeed value="0.15"/>
<fDistanceInnerOffset value="0"/>
<fIntensityScale value="3"/>
<fIntensityFade value="-431602080"/>
<fAnimorphicScaleFactorU value="0"/>
<fAnimorphicScaleFactorV value="0"/>
<bAnimorphicBehavesLikeArtefact value="false"/>
<bAlignRotationToSun value="false"/>
<color value="0xFF38F9FF"/>
<fGradientMultiplier value="1"/>
<nTexture value="1"/>
<nSubGroup value="4"/>
<fPositionOffsetU value="0"/>
<fTextureColorDesaturate value="0"/>
</Item>
<Item>
<fDistFromLight value="-1.388"/>
<fSize value="0.0022"/>
<fWidthRotate value="0"/>
<fScrollSpeed value="0.15"/>
<fDistanceInnerOffset value="0"/>
<fIntensityScale value="3"/>
<fIntensityFade value="-431602080"/>
<fAnimorphicScaleFactorU value="0"/>
<fAnimorphicScaleFactorV value="0"/>
<bAnimorphicBehavesLikeArtefact value="false"/>
<bAlignRotationToSun value="false"/>
<color value="0xFF31EFFF"/>
<fGradientMultiplier value="1"/>
<nTexture value="1"/>
<nSubGroup value="4"/>
<fPositionOffsetU value="0"/>
<fTextureColorDesaturate value="0"/>
</Item>
<Item>
<fDistFromLight value="-1.386"/>
<fSize value="0.0023"/>
<fWidthRotate value="0"/>
<fScrollSpeed value="0.15"/>
<fDistanceInnerOffset value="0"/>
<fIntensityScale value="3"/>
<fIntensityFade value="-431602080"/>
<fAnimorphicScaleFactorU value="0"/>
<fAnimorphicScaleFactorV value="0"/>
<bAnimorphicBehavesLikeArtefact value="false"/>
<bAlignRotationToSun value="false"/>
<color value="0xFF24E5FF"/>
<fGradientMultiplier value="1"/>
<nTexture value="1"/>
<nSubGroup value="4"/>
<fPositionOffsetU value="0"/>
<fTextureColorDesaturate value="0"/>
</Item>
<Item>
<fDistFromLight value="-1.384"/>
<fSize value="0.0024"/>
<fWidthRotate value="0"/>
<fScrollSpeed value="0.15"/>
<fDistanceInnerOffset value="0"/>
<fIntensityScale value="3"/>
<fIntensityFade value="-431602080"/>
<fAnimorphicScaleFactorU value="0"/>
<fAnimorphicScaleFactorV value="0"/>
<bAnimorphicBehavesLikeArtefact value="false"/>
<bAlignRotationToSun value="false"/>
<color value="0xFF14D4FF"/>
<fGradientMultiplier value="1"/>
<nTexture value="1"/>
<nSubGroup value="4"/>
<fPositionOffsetU value="0"/>
<fTextureColorDesaturate value="0"/>
</Item>
<Item>
<fDistFromLight value="-1.382"/>
<fSize value="0.0025"/>
<fWidthRotate value="0"/>
<fScrollSpeed value="0.15"/>
<fDistanceInnerOffset value="0"/>
<fIntensityScale value="3"/>
<fIntensityFade value="-431602080"/>
<fAnimorphicScaleFactorU value="0"/>
<fAnimorphicScaleFactorV value="0"/>
<bAnimorphicBehavesLikeArtefact value="false"/>
<bAlignRotationToSun value="false"/>
<color value="0xFF14C4FF"/>
<fGradientMultiplier value="1"/>
<nTexture value="1"/>
<nSubGroup value="4"/>
<fPositionOffsetU value="0"/>
<fTextureColorDesaturate value="0"/>
</Item>
<Item>
<fDistFromLight value="-1.38"/>
<fSize value="0.0026"/>
<fWidthRotate value="0"/>
<fScrollSpeed value="0.15"/>
<fDistanceInnerOffset value="0"/>
<fIntensityScale value="3"/>
<fIntensityFade value="-431602080"/>
<fAnimorphicScaleFactorU value="0"/>
<fAnimorphicScaleFactorV value="0"/>
<bAnimorphicBehavesLikeArtefact value="false"/>
<bAlignRotationToSun value="false"/>
<color value="0xFF14C4FF"/>
<fGradientMultiplier value="1"/>
<nTexture value="1"/>
<nSubGroup value="4"/>
<fPositionOffsetU value="0"/>
<fTextureColorDesaturate value="0"/>
</Item>
<Item>
<fDistFromLight value="-1.378"/>
<fSize value="0.0027"/>
<fWidthRotate value="0"/>
<fScrollSpeed value="0.15"/>
<fDistanceInnerOffset value="0"/>
<fIntensityScale value="3"/>
<fIntensityFade value="-431602080"/>
<fAnimorphicScaleFactorU value="0"/>
<fAnimorphicScaleFactorV value="0"/>
<bAnimorphicBehavesLikeArtefact value="false"/>
<bAlignRotationToSun value="false"/>
<color value="0xFF14C4FF"/>
<fGradientMultiplier value="1"/>
<nTexture value="1"/>
<nSubGroup value="4"/>
<fPositionOffsetU value="0"/>
<fTextureColorDesaturate value="0"/>
</Item>
<Item>
<fDistFromLight value="-1.376"/>
<fSize value="0.0035"/>
<fWidthRotate value="0"/>
<fScrollSpeed value="0.15"/>
<fDistanceInnerOffset value="0"/>
<fIntensityScale value="3"/>
<fIntensityFade value="-431602080"/>
<fAnimorphicScaleFactorU value="0"/>
<fAnimorphicScaleFactorV value="0"/>
<bAnimorphicBehavesLikeArtefact value="false"/>
<bAlignRotationToSun value="false"/>
<color value="0xFF14B9FF"/>
<fGradientMultiplier value="1"/>
<nTexture value="1"/>
<nSubGroup value="4"/>
<fPositionOffsetU value="0"/>
<fTextureColorDesaturate value="0"/>
</Item>
<Item>
<fDistFromLight value="-1.375"/>
<fSize value="0.011"/>
<fWidthRotate value="0"/>
<fScrollSpeed value="0.15"/>
<fDistanceInnerOffset value="0"/>
<fIntensityScale value="3"/>
<fIntensityFade value="-431602080"/>
<fAnimorphicScaleFactorU value="0"/>
<fAnimorphicScaleFactorV value="0"/>
<bAnimorphicBehavesLikeArtefact value="false"/>
<bAlignRotationToSun value="false"/>
<color value="0xFF0008FF"/>
<fGradientMultiplier value="1"/>
<nTexture value="1"/>
<nSubGroup value="1"/>
<fPositionOffsetU value="0"/>
<fTextureColorDesaturate value="0"/>
</Item>
<Item>
<fDistFromLight value="-1.374"/>
<fSize value="0.004"/>
<fWidthRotate value="0"/>
<fScrollSpeed value="0.15"/>
<fDistanceInnerOffset value="0"/>
<fIntensityScale value="3"/>
<fIntensityFade value="-431602080"/>
<fAnimorphicScaleFactorU value="0"/>
<fAnimorphicScaleFactorV value="0"/>
<bAnimorphicBehavesLikeArtefact value="false"/>
<bAlignRotationToSun value="false"/>
<color value="0xFF14A1FF"/>
<fGradientMultiplier value="1"/>
<nTexture value="1"/>
<nSubGroup value="4"/>
<fPositionOffsetU value="0"/>
<fTextureColorDesaturate value="0"/>
</Item>
<Item>
<fDistFromLight value="-1.373"/>
<fSize value="0.0085"/>
<fWidthRotate value="0"/>
<fScrollSpeed value="0.15"/>
<fDistanceInnerOffset value="0"/>
<fIntensityScale value="3"/>
<fIntensityFade value="-431602080"/>
<fAnimorphicScaleFactorU value="0"/>
<fAnimorphicScaleFactorV value="0"/>
<bAnimorphicBehavesLikeArtefact value="false"/>
<bAlignRotationToSun value="false"/>
<color value="0xFF0044FF"/>
<fGradientMultiplier value="1"/>
<nTexture value="1"/>
<nSubGroup value="4"/>
<fPositionOffsetU value="0"/>
<fTextureColorDesaturate value="0"/>
</Item>
<Item>
<fDistFromLight value="-1.372"/>
<fSize value="0.0075"/>
<fWidthRotate value="0"/>
<fScrollSpeed value="0.15"/>
<fDistanceInnerOffset value="0"/>
<fIntensityScale value="3"/>
<fIntensityFade value="-431602080"/>
<fAnimorphicScaleFactorU value="0"/>
<fAnimorphicScaleFactorV value="0"/>
<bAnimorphicBehavesLikeArtefact value="false"/>
<bAlignRotationToSun value="false"/>
<color value="0xFF0A4CFF"/>
<fGradientMultiplier value="1"/>
<nTexture value="1"/>
<nSubGroup value="4"/>
<fPositionOffsetU value="0"/>
<fTextureColorDesaturate value="0"/>
</Item>
<Item>
<fDistFromLight value="-1.372"/>
<fSize value="0.0045"/>
<fWidthRotate value="0"/>
<fScrollSpeed value="0.15"/>
<fDistanceInnerOffset value="0"/>
<fIntensityScale value="3"/>
<fIntensityFade value="-431602080"/>
<fAnimorphicScaleFactorU value="0"/>
<fAnimorphicScaleFactorV value="0"/>
<bAnimorphicBehavesLikeArtefact value="false"/>
<bAlignRotationToSun value="false"/>
<color value="0xFF0A9DFF"/>
<fGradientMultiplier value="1"/>
<nTexture value="1"/>
<nSubGroup value="4"/>
<fPositionOffsetU value="0"/>
<fTextureColorDesaturate value="0"/>
</Item>
<Item>
<fDistFromLight value="-1.37"/>
<fSize value="0.006"/>
<fWidthRotate value="0"/>
<fScrollSpeed value="0.15"/>
<fDistanceInnerOffset value="0"/>
<fIntensityScale value="3"/>
<fIntensityFade value="-431602080"/>
<fAnimorphicScaleFactorU value="0"/>
<fAnimorphicScaleFactorV value="0"/>
<bAnimorphicBehavesLikeArtefact value="false"/>
<bAlignRotationToSun value="false"/>
<color value="0xFF0A60FF"/>
<fGradientMultiplier value="1"/>
<nTexture value="1"/>
<nSubGroup value="4"/>
<fPositionOffsetU value="0"/>
<fTextureColorDesaturate value="0"/>
</Item>
<Item>
<fDistFromLight value="-1.37"/>
<fSize value="0.005"/>
<fWidthRotate value="0"/>
<fScrollSpeed value="0.15"/>
<fDistanceInnerOffset value="0"/>
<fIntensityScale value="3"/>
<fIntensityFade value="-431602080"/>
<fAnimorphicScaleFactorU value="0"/>
<fAnimorphicScaleFactorV value="0"/>
<bAnimorphicBehavesLikeArtefact value="false"/>
<bAlignRotationToSun value="false"/>
<color value="0xFF0A81FF"/>
<fGradientMultiplier value="1"/>
<nTexture value="1"/>
<nSubGroup value="4"/>
<fPositionOffsetU value="0"/>
<fTextureColorDesaturate value="0"/>
</Item>
<Item>
<fDistFromLight value="-1.36"/>
<fSize value="0.028"/>
<fWidthRotate value="0"/>
<fScrollSpeed value="0.15"/>
<fDistanceInnerOffset value="0"/>
<fIntensityScale value="26"/>
<fIntensityFade value="-431602080"/>
<fAnimorphicScaleFactorU value="0"/>
<fAnimorphicScaleFactorV value="0"/>
<bAnimorphicBehavesLikeArtefact value="false"/>
<bAlignRotationToSun value="false"/>
<color value="0xFF002FFF"/>
<fGradientMultiplier value="1"/>
<nTexture value="1"/>
<nSubGroup value="6"/>
<fPositionOffsetU value="0"/>
<fTextureColorDesaturate value="0"/>
</Item>
<Item>
<fDistFromLight value="-1.355"/>
<fSize value="0.03"/>
<fWidthRotate value="0"/>
<fScrollSpeed value="0.15"/>
<fDistanceInnerOffset value="0"/>
<fIntensityScale value="4"/>
<fIntensityFade value="-431602080"/>
<fAnimorphicScaleFactorU value="0"/>
<fAnimorphicScaleFactorV value="0"/>
<bAnimorphicBehavesLikeArtefact value="false"/>
<bAlignRotationToSun value="false"/>
<color value="0xFF00A2FF"/>
<fGradientMultiplier value="1"/>
<nTexture value="1"/>
<nSubGroup value="4"/>
<fPositionOffsetU value="0"/>
<fTextureColorDesaturate value="0"/>
</Item>
</arrFlareFX>
</Item>
</arrFlareTypeFX>
<fSunVisibilityFactor value="0.4"/>
<iSunVisibilityAlphaClip value="10"/>
<fSunFogFactor value="0.5"/>
<fChromaticTexUSize value="0.05"/>
<fExposureScaleFactor value="12.55749"/>
<fExposureIntensityFactor value="0.010584"/>
<fExposureRotationFactor value="0.5"/>
<fChromaticFadeFactor value="0.75"/>
<fArtefactDistanceFadeFactor value="2"/>
<fArtefactRotationFactor value="12"/>
<fArtefactScaleFactor value="6"/>
<fArtefactGradientFactor value="0"/>
<fCoronaDistanceAdditionalSize value="0.3"/>
<fMinExposureScale value="0.5"/>
<fMaxExposureScale value="1"/>
<fMinExposureIntensity value="0.5"/>
<fMaxExposureIntensity value="1.5"/>
</CLensFlareSettings>